Emily,Smith,emily.smith@example.com,Auckland,None
William,Jones,william.jones@example.com,Wellington,None
Sophia,Wilson,sophia.wilson@example.com,Christchurch,None
Ethan,Brown,ethan.brown@example.com,Auckland,None
Olivia,Taylor,olivia.taylor@example.com,Wellington,None
Noah,Miller,noah.miller@example.com,Christchurch,None
Ava,Anderson,ava.anderson@example.com,Auckland,None
Liam,Thomas,liam.thomas@example.com,Wellington,None
Isabella,Jackson,isabella.jackson@example.com,Christchurch,None
James,White,james.white@example.com,Auckland,None
Emma,Harris,emma.harris@example.com,Wellington,None
Logan,Martin,logan.martin@example.com,Christchurch,None
Mia,Lee,mia.lee@example.com,Auckland,None
Benjamin,Clark,benjamin.clark@example.com,Wellington,None
Evelyn,Lewis,evelyn.lewis@example.com,Christchurch,None
Emily,Brown,emily.brown@example.com,Auckland,None
Liam,Smith,liam.smith@example.com,Christchurch,None
Ella,Williams,ella.williams@example.com,Wellington,None
Noah,Miller,noah.miller@example.com,Auckland,None
Ava,Taylor,ava.taylor@example.com,Christchurch,None
Oliver,Jones,oliver.jones@example.com,Wellington,None
Sophia,Davis,sophia.davis@example.com,Auckland,None
Mason,Taylor,mason.taylor@example.com,Christchurch,None
Emma,Moore,emma.moore@example.com,Wellington,None
Ethan,Johnson,ethan.johnson@example.com,Auckland,None
Isabella,Martin,isabella.martin@example.com,Christchurch,None
Jacob,Clark,jacob.clark@example.com,Wellington,None
Amelia,Mitchell,amelia.mitchell@example.com,Auckland,None
William,Scott,william.scott@example.com,Christchurch,None
Mia,Robinson,mia.robinson@example.com,Wellington,None
Logan,Campbell,logan.campbell@example.com,Auckland,None
Charlotte,Anderson,charlotte.anderson@example.com,Christchurch,None
Lucas,White,lucas.white@example.com,Wellington,None
Harper,Harris,harper.harris@example.com,Auckland,None
Daniel,Young,daniel.young@example.com,Christchurch,None
Madison,King,madison.king@example.com,Wellington,None
Jacob,Green,jacob.green@example.com,Auckland,None
Emily,Hill,emily.hill@example.com,Christchurch,None
Ethan,Moore,ethan.moore@example.com,Wellington,None
Ella,Kelly,ella.kelly@example.com,Auckland,None
Aiden,Mitchell,aiden.mitchell@example.com,Christchurch,None
Avery,Wilson,avery.wilson@example.com,Wellington,None
Olivia,Anderson,olivia.anderson@example.com,Auckland,None
Ethan,Lewis,ethan.lewis@example.com,Christchurch,None
Lily,Harris,lily.harris@example.com,Wellington,None
Jackson,Walker,jackson.walker@example.com,Auckland,None
Sofia,Martin,sofia.martin@example.com,Christchurch,None
Carter,Moore,carter.moore@example.com,Wellington,None
Abigail,Wilson,abigail.wilson@example.com,Auckland,None
Mason,Mitchell,mason.mitchell@example.com,Christchurch,None
Aria,Hughes,aria.hughes@example.com,Wellington,None
Ethan,Davis,ethan.davis@example.com,Auckland,None
Lila,Campbell,lila.campbell@example.com,Christchurch,None
Levi,Anderson,levi.anderson@example.com,Wellington,None
Isabella,Baker,isabella.baker@example.com,Auckland,None
William,Green,william.green@example.com,Christchurch,None
Luna,Cooper,luna.cooper@example.com,Wellington,None
Lucas,Young,lucas.young@example.com,Auckland,None
Madelyn,Walker,madelyn.walker@example.com,Christchurch,None
Jayden,Scott,jayden.scott@example.com,Wellington,None
Avery,Mitchell,avery.mitchell@example.com,Auckland,None
Olivia,King,olivia.king@example.com,Christchurch,None
Caleb,Adams,caleb.adams@example.com,Wellington,None
Ella,Parker,ella.parker@example.com,Auckland,None
Aria,Evans,aria.evans@example.com,Christchurch,None
Owen,Woodward,owen.woodward@example.com,Wellington,None
Avery,Young,avery.young@example.com,Auckland,None
Isabella,Taylor,isabella.taylor@example.com,Wellington,None
Ethan,Anderson,ethan.anderson@example.com,Christchurch,None
Aria,Johnson,aria.johnson@example.com,Auckland,None
Elijah,Hall,elijah.hall@example.com,Wellington,None
Aaliyah,Davis,aaliyah.davis@example.com,Christchurch,None
Liam,Lee,liam.lee@example.com,Auckland,None
Mia,Brown,mia.brown@example.com,Wellington,None
Noah,Taylor,noah.taylor@example.com,Christchurch,None
Amelia,Miller,amelia.miller@example.com,Auckland,None
William,Clark,william.clark@example.com,Wellington,None
Chloe,Scott,chloe.scott@example.com,Christchurch,None
James,Turner,james.turner@example.com,Auckland,None
Harper,Adams,harper.adams@example.com,Wellington,None
Michael,Baker,michael.baker@example.com,Christchurch,None
Evelyn,Mitchell,evelyn.mitchell@example.com,Auckland,None
Lucas,Wright,lucas.wright@example.com,Wellington,None
Emma,King,emma.king@example.com,Christchurch,None
Daniel,Green,daniel.green@example.com,Auckland,None
Sophia,Evans,sophia.evans@example.com,Wellington,None
Logan,Parker,logan.parker@example.com,Christchurch,None
Ava,Campbell,ava.campbell@example.com,Auckland,None
Alexander,Cooper,alexander.cooper@example.com,Wellington,None
Madison,Perez,madison.perez@example.com,Christchurch,None
Benjamin,Ross,benjamin.ross@example.com,Auckland,None
Ella,Bailey,ella.bailey@example.com,Wellington,None
Carter,Ramirez,carter.ramirez@example.com,Christchurch,None
Abigail,Reed,abigail.reed@example.com,Auckland,None
Owen,Bell,owen.bell@example.com,Wellington,None
Charlotte,Foster,charlotte.foster@example.com,Christchurch,None
Caleb,Sanders,caleb.sanders@example.com,Auckland,None
Luna,Price,luna.price@example.com,Wellington,None
Luke,Brooks,luke.brooks@example.com,Christchurch,None
Eleanor,James,eleanor.james@example.com,Auckland,None
Ryan,Scott,ryan.scott@example.com,Wellington,None
Avery,Rogers,avery.rogers@example.com,Christchurch,None
Mason,Parker,mason.parker@example.com,Auckland,None
Aurora,West,aurora.west@example.com,Wellington,None
Nicholas,Coleman,nicholas.coleman@example.com,Christchurch,None
Scarlett,Hughes,scarlett.hughes@example.com,Auckland,None
Gabriel,Reyes,gabriel.reyes@example.com,Wellington,None
Paisley,Foster,paisley.foster@example.com,Christchurch,None
Nathan,Powell,nathan.powell@example.com,Auckland,None
Addison,Sullivan,addison.sullivan@example.com,Wellington,None
Oliver,Wallace,oliver.wallace@example.com,Christchurch,None
Aaliyah,Jackson,aaliyah.jackson@example.com,Auckland,None
Evelyn,Wood,evelyn.wood@example.com,Wellington,None
Isaac,Cook,isaac.cook@example.com,Christchurch,None
Aria,Rogers,aria.rogers@example.com,Auckland,None
Alexander,Hughes,alexander.hughes@example.com,Christchurch,None
Emma,Smith,emma.smith@example.com,Auckland,None
Oliver,Jones,oliver.jones@example.com,Wellington,None
Isabella,Wilson,isabella.wilson@example.com,Christchurch,None
William,Brown,william.brown@example.com,Auckland,None
Sophia,Taylor,sophia.taylor@example.com,Wellington,None
Lucas,Miller,lucas.miller@example.com,Christchurch,None
Ava,Anderson,ava.anderson@example.com,Auckland,None
Liam,Thomas,liam.thomas@example.com,Wellington,None
Olivia,Jackson,olivia.jackson@example.com,Christchurch,None
Noah,White,noah.white@example.com,Auckland,None
Emily,Harris,emily.harris@example.com,Wellington,None
Mason,Martin,mason.martin@example.com,Christchurch,None
Chloe,Lee,chloe.lee@example.com,Auckland,None
Logan,Clark,logan.clark@example.com,Wellington,None
Amelia,Lewis,amelia.lewis@example.com,Christchurch,None
Ethan,Hall,ethan.hall@example.com,Auckland,None
Charlotte,Campbell,charlotte.campbell@example.com,Wellington,None
Alexander,Evans,alexander.evans@example.com,Christchurch,None
Mia,Turner,mia.turner@example.com,Auckland,None
Jacob,Parker,jacob.parker@example.com,Wellington,None
Abigail,Cooper,abigail.cooper@example.com,Christchurch,None
Carter,Edwards,carter.edwards@example.com,Auckland,None
Harper,Stewart,harper.stewart@example.com,Wellington,None
Lily,Foster,lily.foster@example.com,Christchurch,None
Jack,Hill,jack.hill@example.com,Auckland,None
Avery,Hayes,avery.hayes@example.com,Wellington,None
Aria,Green,aria.green@example.com,Christchurch,None
Owen,Murphy,owen.murphy@example.com,Auckland,None
Evelyn,Coleman,evelyn.coleman@example.com,Wellington,None
Elijah,Rossi,elijah.rossi@example.com,Christchurch,None
Hannah,Hamilton,hannah.hamilton@example.com,Auckland,None
Caleb,Butler,caleb.butler@example.com,Wellington,None
Addison,Byrne,addison.byrne@example.com,Christchurch,None
Ella,Barrett,ella.barrett@example.com,Auckland,None
Henry,Hogan,henry.hogan@example.com,Wellington,None
Natalie,Delaney,natalie.delaney@example.com,Christchurch,None
Luke,Gibson,luke.gibson@example.com,Auckland,None
Sofia,Cunningham,sofia.cunningham@example.com,Wellington,None
Levi,Fitzgerald,levi.fitzgerald@example.com,Christchurch,None
Aubrey,Reid,aubrey.reid@example.com,Auckland,None
Julian,Harper,julian.harper@example.com,Wellington,None
Samantha,Campbell,samantha.campbell@example.com,Christchurch,None
Wyatt,Webster,wyatt.webster@example.com,Auckland,None
Victoria,Wright,victoria.wright@example.com,Wellington,None
Gabriel,Matthews,gabriel.matthews@example.com,Christchurch,None
Avery,Douglas,avery.douglas@example.com,Auckland,None
Zoe,McKenzie,zoe.mckenzie@example.com,Wellington,None
Eli,Pearson,eli.pearson@example.com,Christchurch,None
Leah,Johnston,leah.johnston@example.com,Christchurch,None
Nathan,Miller,nathan.miller@example.com,Auckland,None
Avery,Cook,avery.cook@example.com,Christchurch,None
Gabriel,Rodriguez,gabriel.rodriguez@example.com,Wellington,None
Sofia,Fernandez,sofia.fernandez@example.com,Auckland,None
Lucas,Lopez,lucas.lopez@example.com,Christchurch,None
Bella,Gonzalez,bella.gonzalez@example.com,Wellington,None
Ethan,Parker,ethan.parker@example.com,Auckland,None
Isabella,Ramirez,isabella.ramirez@example.com,Christchurch,None
Aiden,Ward,aiden.ward@example.com,Wellington,None
Aria,Smith,aria.smith@example.com,Auckland,None
Caleb,Johnson,caleb.johnson@example.com,Christchurch,None
Audrey,Anderson,audrey.anderson@example.com,Wellington,None
Landon,Brown,landon.brown@example.com,Auckland,None
Hazel,Jones,hazel.jones@example.com,Christchurch,None
William,Williams,william.williams@example.com,Wellington,None
Ella,Davis,ella.davis@example.com,Auckland,None
Michael,Martin,michael.martin@example.com,Christchurch,None
Lila,Taylor,lila.taylor@example.com,Wellington,None
Owen,Anderson,owen.anderson@example.com,Auckland,None
Elizabeth,White,elizabeth.white@example.com,Christchurch,None
Avery,Carter,avery.carter@example.com,Wellington,None
Jayden,Mitchell,jayden.mitchell@example.com,Auckland,None
Evelyn,Murphy,evelyn.murphy@example.com,Christchurch,None
Elijah,Adams,elijah.adams@example.com,Wellington,None
Chloe,Watson,chloe.watson@example.com,Auckland,None
Nolan,Evans,nolan.evans@example.com,Christchurch,None
Aurora,Perez,aurora.perez@example.com,Wellington,None
Grayson,Collins,grayson.collins@example.com,Auckland,None
Madelyn,Turner,madelyn.turner@example.com,Christchurch,None
Aiden,Campbell,aiden.campbell@example.com,Wellington,None
Penelope,Parker,penelope.parker@example.com,Auckland,None
Ethan,Cooper,ethan.cooper@example.com,Christchurch,None
Aria,Cruz,aria.cruz@example.com,Wellington,None
Levi,Edwards,levi.edwards@example.com,Auckland,None
Emma,Reed,emma.reed@example.com,Christchurch,None
Avery,Hall,avery.hall@example.com,Wellington,None
Wyatt,Flores,wyatt.flores@example.com,Auckland,None
Charlotte,Morris,charlotte.morris@example.com,Christchurch,None
Josiah,Rogers,josiah.rogers@example.com,Wellington,None
Mia,Reyes,mia.reyes@example.com,Auckland,None
Isaac,Long,isaac.long@example.com,Christchurch,None
Scarlett,Foster,scarlett.foster@example.com,Wellington,None
Luke,Cruz,luke.cruz@example.com,Auckland,None
Harper,Nguyen,harper.nguyen@example.com,Christchurch,None
Ethan,Gonzalez,ethan.gonzalez@example.com,Wellington,None
Lily,Roberts,lily.roberts@example.com,Auckland,None
David,Chavez,david.chavez@example.com,Christchurch,None
Evelyn,Hughes,evelyn.hughes@example.com,Wellington,None
Mason,Bryant,mason.bryant@example.com,Auckland,None
Emma,Johnson,emma.johnson@example.com,Auckland,None
Noah,Miller,noah.miller@example.com,Christchurch,None
Olivia,Brown,olivia.brown@example.com,Wellington,None
Liam,Garcia,liam.garcia@example.com,Auckland,None
Ava,Martinez,ava.martinez@example.com,Christchurch,None
William,Smith,william.smith@example.com,Wellington,None
Sophia,Johnson,sophia.johnson@example.com,Auckland,None
James,Anderson,james.anderson@example.com,Christchurch,None
Isabella,Thomas,isabella.thomas@example.com,Wellington,None
Ethan,Jackson,ethan.jackson@example.com,Auckland,None
Mia,White,mia.white@example.com,Christchurch,None
Benjamin,Harris,benjamin.harris@example.com,Wellington,None
Emma,Martin,emma.martin@example.com,Auckland,None
Evelyn,Lee,evelyn.lee@example.com,Christchurch,None
Logan,Clark,logan.clark@example.com,Wellington,None
Mia,Lewis,mia.lewis@example.com,Auckland,None
Sophia,Rodriguez,sophia.rodriguez@example.com,Christchurch,None
William,Green,william.green@example.com,Wellington,None
Ava,Campbell,ava.campbell@example.com,Auckland,None
Noah,Parker,noah.parker@example.com,Christchurch,None
Olivia,Evans,olivia.evans@example.com,Wellington,None
Liam,Edwards,liam.edwards@example.com,Auckland,None
Emma,Collins,emma.collins@example.com,Christchurch,None
Isabella,Stewart,isabella.stewart@example.com,Wellington,None
James,Sanchez,james.sanchez@example.com,Auckland,None
Ethan,Morris,ethan.morris@example.com,Christchurch,None
Mia,Rogers,mia.rogers@example.com,Wellington,None
Sophia,Reed,sophia.reed@example.com,Auckland,None
William,Cook,william.cook@example.com,Christchurch,None
Logan,Morgan,logan.morgan@example.com,Wellington,None
Ava,Bell,ava.bell@example.com,Auckland,None
Noah,Murphy,noah.murphy@example.com,Christchurch,None
Olivia,Bailey,olivia.bailey@example.com,Wellington,None
Liam,Cooper,liam.cooper@example.com,Auckland,None
Emma,Richardson,emma.richardson@example.com,Christchurch,None
Isabella,Cox,isabella.cox@example.com,Wellington,None
James,Howard,james.howard@example.com,Auckland,None
Ethan,Ward,ethan.ward@example.com,Christchurch,None
Mia,Torres,mia.torres@example.com,Wellington,None
Sophia,Peterson,sophia.peterson@example.com,Auckland,None
William,Gray,william.gray@example.com,Christchurch,None
Logan,Ramirez,logan.ramirez@example.com,Wellington,None
Ava,James,ava.james@example.com,Auckland,None
Noah,Watson,noah.watson@example.com,Christchurch,None
Olivia,Brooks,olivia.brooks@example.com,Wellington,None
Liam,Kelly,liam.kelly@example.com,Auckland,None
Emma,Sanders,emma.sanders@example.com,Christchurch,None
Isabella,Price,isabella.price@example.com,Wellington,None
James,Bennett,james.bennett@example.com,Auckland,None
Ethan,Wood,ethan.wood@example.com,Christchurch,None
Mia,Barn,mia.barn@example.com,Auckland,None
Adam,Morris,adam.morris@example.com,Auckland,None
Aiden,Stewart,aiden.stewart@example.com,Christchurch,None
Ainsley,Wright,ainsley.wright@example.com,Auckland,None
Alan,Myers,alan.myers@example.com,Wellington,None
Alexis,Davis,alexis.davis@example.com,Christchurch,None
Alice,Garcia,alice.garcia@example.com,Auckland,None
Alicia,Campbell,alicia.campbell@example.com,Wellington,None
Alina,Morgan,alina.morgan@example.com,Christchurch,None
Alisha,Hayes,alisha.hayes@example.com,Auckland,None
Allison,Foster,allison.foster@example.com,Wellington,None
Allyson,Roberts,allyson.roberts@example.com,Christchurch,None
Alyssa,James,alyssa.james@example.com,Auckland,None
Amara,Phillips,amara.phillips@example.com,Wellington,None
Amelia,Howard,amelia.howard@example.com,Christchurch,None
Amina,Turner,amina.turner@example.com,Auckland,None
Amy,Parker,amy.parker@example.com,Wellington,None
Andrea,Cox,andrea.cox@example.com,Christchurch,None
Andrew,Rodriguez,andrew.rodriguez@example.com,Auckland,None
Angel,Flores,angel.flores@example.com,Wellington,None
Angela,Murphy,angela.murphy@example.com,Christchurch,None
Angie,Morris,angie.morris@example.com,Auckland,None
Anika,Bell,anika.bell@example.com,Wellington,None
Anita,Cooper,anita.cooper@example.com,Christchurch,None
Anna,Mitchell,anna.mitchell@example.com,Auckland,None
Anne,Baker,anne.baker@example.com,Wellington,None
Annie,Nelson,annie.nelson@example.com,Christchurch,None
Anthony,Turner,anthony.turner@example.com,Auckland,None
April,Ross,april.ross@example.com,Wellington,None
Archie,Murphy,archie.murphy@example.com,Christchurch,None
Aria,Peterson,aria.peterson@example.com,Auckland,None
Ariana,Carter,ariana.carter@example.com,Wellington,None
Arianna,Wood,arianna.wood@example.com,Christchurch,None
Ariel,Rivera,ariel.rivera@example.com,Auckland,None
Arthur,Reed,arthur.reed@example.com,Wellington,None
Asher,Cook,asher.cook@example.com,Christchurch,None
Ashley,Hughes,ashley.hughes@example.com,Auckland,None
Ashton,Brooks,ashton.brooks@example.com,Wellington,None
Aubrey,Sanders,aubrey.sanders@example.com,Christchurch,None
Audrey,Harrison,audrey.harrison@example.com,Auckland,None
Austin,Ward,austin.ward@example.com,Wellington,None
Ava,Bryant,ava.bryant@example.com,Christchurch,None
Avery,Gonzalez,avery.gonzalez@example.com,Auckland,None
Bailey,Johnson,bailey.johnson@example.com,Wellington,None
Barbara,Richardson,barbara.richardson@example.com,Christchurch,None
Beatrice,Foster,beatrice.foster@example.com,Auckland,None
Becky,Morales,becky.morales@example.com,Wellington,None
Bella,Murphy,bella.murphy@example.com,Christchurch,None
Ben,Long,ben.long@example.com,Auckland,None
Benjamin,Scott,benjamin.scott@example.com,Christchurch,None
Liam,Mitchell,liam.mitchell@example.com,Auckland,None
Ella,Wilson,ella.wilson@example.com,Auckland,None
Alexander,Parker,alexander.parker@example.com,Auckland,None
Olivia,Anderson,olivia.anderson@example.com,Auckland,None
William,Brown,william.brown@example.com,Auckland,None
Mia,Taylor,mia.taylor@example.com,Auckland,None
Daniel,Clark,daniel.clark@example.com,Auckland,None
Sophia,Jackson,sophia.jackson@example.com,Auckland,None
Jacob,Evans,jacob.evans@example.com,Auckland,None
Emily,Campbell,emily.campbell@example.com,Auckland,None
Grace,Hill,grace.hill@example.com,Auckland,None
James,Cooper,james.cooper@example.com,Auckland,None
Evelyn,Robinson,evelyn.robinson@example.com,Auckland,None
Lucas,Wright,lucas.wright@example.com,Auckland,None
Ava,Bailey,ava.bailey@example.com,Auckland,None
Michael,Murphy,michael.murphy@example.com,Auckland,None
Charlotte,Ross,charlotte.ross@example.com,Auckland,None
Benjamin,Hall,benjamin.hall@example.com,Auckland,None
Amelia,Watson,amelia.watson@example.com,Auckland,None
Ethan,Kelly,ethan.kelly@example.com,Auckland,None
Isabella,Sullivan,isabella.sullivan@example.com,Auckland,None
Matthew,Adams,matthew.adams@example.com,Auckland,None
Harper,Wood,harper.wood@example.com,Auckland,None
Noah,Scott,noah.scott@example.com,Auckland,None
Sofia,Morris,sofia.morris@example.com,Auckland,None
Lucy,Allen,lucy.allen@example.com,Auckland,None
Logan,Green,logan.green@example.com,Auckland,None
Victoria,Carter,victoria.carter@example.com,Auckland,None
Jackson,Harris,jackson.harris@example.com,Auckland,None
Hazel,Collins,hazel.collins@example.com,Auckland,None
Jacob,Young,jacob.young@example.com,Auckland,None
Aria,Martin,aria.martin@example.com,Auckland,None
William,Turner,william.turner@example.com,Auckland,None
Aaliyah,Campbell,aaliyah.campbell@example.com,Auckland,None
Sebastian,Murphy,sebastian.murphy@example.com,Auckland,None
Scarlett,Edwards,scarlett.edwards@example.com,Auckland,None
Luke,Clarkson,luke.clarkson@example.com,Auckland,None
Madison,Phillips,madison.phillips@example.com,Auckland,None
David,Bryant,david.bryant@example.com,Auckland,None
Chloe,Hall,chloe.hall@example.com,Auckland,None
Dylan,Reid,dylan.reid@example.com,Auckland,None
Lila,Cook,lila.cook@example.com,Auckland,None
Cameron,Walker,cameron.walker@example.com,Auckland,None
Abigail,White,abigail.white@example.com,Auckland,None
Henry,Hughes,hnery.hughes@example.com,Auckland,None
Avery,Morgan,avery.morgan@example.com,Auckland,None
Mason,Roberts,mason.roberts@example.com,Auckland,None
Elizabeth,Stewart,elizabeth.stewart@example.com,Auckland,None
Owen,Baker,owen.baker@example.com,Auckland,None
Leah,Long,leah.long@example.com,Auckland,None
Nathan,Richardson,nathan.richardson@example.com,Auckland,None
Gabriella,Hill,gabriella.hill@example.com,Auckland,None
Isaac,Scott,isaac.scott@example.com,Auckland,None
Liam,Miller,l.miller523@gmail.com,Auckland,None
Ava,Wood,a.wood526@gmail.com,Christchurch,None
Noah,Parker,n.parker111@yahoo.com,Wellington,None
Emma,Lee,e.lee666@hotmail.com,Auckland,None
William,King,w.king345@hotmail.com,Christchurch,None
Mia,Hill,m.hill862@gmail.com,Auckland,None
James,Green,j.green997@yahoo.com,Wellington,None
Isabella,Scott,i.scott264@hotmail.com,Auckland,None
Ethan,Evans,e.evans997@gmail.com,Christchurch,None
Sophia,Turner,s.turner837@hotmail.com,Auckland,None
Logan,Murphy,l.murphy971@yahoo.com,Wellington,None
Olivia,Wilson,o.wilson358@hotmail.com,Auckland,None
Benjamin,Martin,b.martin698@hotmail.com,Christchurch,None
Emily,Campbell,e.campbell492@hotmail.com,Auckland,None
Aiden,Lewis,a.lewis493@hotmail.com,Wellington,None
Charlotte,Roberts,c.roberts791@gmail.com,Christchurch,None
Jacob,Hall,j.hall619@hotmail.com,Auckland,None
Amelia,Baker,a.baker474@yahoo.com,Wellington,None
Lucas,Mitchell,l.mitchell114@hotmail.com,Christchurch,None
Mila,Phillips,m.phillips587@gmail.com,Auckland,None
Carter,Williams,c.williams615@gmail.com,Wellington,None
Chloe,Nelson,c.nelson873@yahoo.com,Auckland,None
Jackson,Cooper,j.cooper140@gmail.com,Christchurch,None
Harper,Ross,h.ross585@hotmail.com,Auckland,None
Madison,Wright,m.wright627@hotmail.com,Wellington,None
Sebastian,Bailey,s.bailey328@hotmail.com,Christchurch,None
Evelyn,Howard,e.howard562@hotmail.com,Auckland,None
Elijah,Reed,e.reed286@hotmail.com,Wellington,None
Avery,Perry,a.perry550@hotmail.com,Christchurch,None
Sofia,Young,s.young527@hotmail.com,Auckland,None
Nicholas,Allen,n.allen329@gmail.com,Wellington,None
Luna,Ward,l.ward195@yahoo.com,Christchurch,None
Lincoln,Davis,l.davis758@hotmail.com,Auckland,None
Aaliyah,Carter,a.carter497@gmail.com,Wellington,None
Owen,Garcia,o.garcia842@hotmail.com,Christchurch,None
Violet,Murphy,v.murphy673@hotmail.com,Auckland,None
Gabriel,Hall,g.hall802@hotmail.com,Wellington,None
Stella,Gonzalez,s.gonzalez506@hotmail.com,Christchurch,None
Isaac,Walker,i.walker435@hotmail.com,Auckland,None
Leah,Parker,l.parker152@hotmail.com,Wellington,None
Alexander,Wright,a.wright274@hotmail.com,Christchurch,None
Aria,Collins,a.collins497@hotmail.com,Auckland,None
Caleb,Turner,c.turner915@hotmail.com,Wellington,None
Victoria,Campbell,v.campbell766@hotmail.com,Christchurch,None
Wyatt,Bennett,w.bennett724@gmail.com,Auckland,None
Lila,Foster,l.foster768@hotmail.com,Wellington,None
Luke,Bailey,l.bailey786@hotmail.com,Christchurch,None
Penelope,Butler,p.butler783@hotmail.com,Auckland,None
Mason,Gray,m.gray748@hotmail.com,Wellington,None
Samantha,Perez,s.perez879@hotmail.com,Christchurch,None
Leo,Flores,l.flores432@hotmail.com,Auckland,None
Zoe,Cook,z.cook736@hotmail.com,Wellington,None
Liam,Martin,liam.martin@example.com,Auckland,None
Sophia,Taylor,sophia.taylor@example.com,Wellington,None
Noah,Anderson,noah.anderson@example.com,Christchurch,None
Olivia,Clark,olivia.clark@example.com,Auckland,None
William,Lewis,william.lewis@example.com,Wellington,None
Emma,Moore,emma.moore@example.com,Christchurch,None
Ethan,Mitchell,ethan.mitchell@example.com,Auckland,None
Isabella,Morris,isabella.morris@example.com,Wellington,None
James,Hughes,james.hughes@example.com,Christchurch,None
Ava,Rogers,ava.rogers@example.com,Auckland,None
Benjamin,Stewart,benjamin.stewart@example.com,Wellington,None
Mia,Reed,mia.reed@example.com,Christchurch,None
Logan,Foster,logan.foster@example.com,Auckland,None
Evelyn,Bailey,evelyn.bailey@example.com,Wellington,None
Lucas,Murphy,lucas.murphy@example.com,Christchurch,None
Charlotte,Evans,charlotte.evans@example.com,Auckland,None
Jackson,Cooper,jackson.cooper@example.com,Wellington,None
Amelia,Ryan,amelia.ryan@example.com,Christchurch,None
Jacob,Kelly,jacob.kelly@example.com,Auckland,None
Chloe,Richardson,chloe.richardson@example.com,Wellington,None
William,Walker,william.walker@example.com,Christchurch,None
Sophie,Wood,sophie.wood@example.com,Auckland,None
Luke,Green,luke.green@example.com,Wellington,None
Grace,Bell,grace.bell@example.com,Christchurch,None
Owen,Carter,owen.carter@example.com,Auckland,None
Aria,Morris,aria.morris@example.com,Wellington,None
Maxwell,Collins,maxwell.collins@example.com,Christchurch,None
Ella,Turner,ella.turner@example.com,Auckland,None
Henry,Phillips,henry.phillips@example.com,Wellington,None
Scarlett,Campbell,scarlett.campbell@example.com,Christchurch,None
Caleb,Parker,caleb.parker@example.com,Auckland,None
Nova,Perry,nova.perry@example.com,Wellington,None
Grayson,Wright,grayson.wright@example.com,Christchurch,None
Madison,Hill,madison.hill@example.com,Auckland,None
Nathan,Bailey,nathan.bailey@example.com,Wellington,None
Aaliyah,Cooper,aaliyah.cooper@example.com,Christchurch,None
Adam,Jameson,adam.jameson@example.com,Auckland,None
Luna,Brown,luna.brown@example.com,Wellington,None
Levi,Hughes,levi.hughes@example.com,Christchurch,None
Elizabeth,Johnston,elizabeth.johnston@example.com,Auckland,None
Ian,Scott,ian.scott@example.com,Wellington,None
Hazel,Morris,hazel.morris@example.com,Christchurch,None
Andrew,Smith,andrew.smith@example.com,Auckland,None
Bella,Miller,bella.miller@example.com,Wellington,None
Jack,Martin,jack.martin@example.com,Christchurch,None
Natalie,Hunter,natalie.hunter@example.com,Auckland,None
Micah,Harrison,micah.harrison@example.com,Wellington,None
Penelope,Boyd,penelope.boyd@example.com,Christchurch,None
Connor,Holmes,connor.holmes@example.com,Auckland,None
Nova,Gibson,nova.gibson@example.com,Wellington,None
Carter,Reid,carter.reid@example.com,Christchurch,None
Lila,Gallegos,lilagallegos49@gmail.com,Auckland,None
Ian,Morales,ianmorales35@gmail.com,Wellington,None
Zion,Whitaker,zionwhitaker67@gmail.com,Christchurch,None
Adelynn,Dominguez,adelynn78@gmail.com,Auckland,None
Brendan,Byrd,brendanbyrd41@gmail.com,Wellington,None
Macy,Ballard,macyballard47@gmail.com,Christchurch,None
Evelyn,Chen,evelynchen29@gmail.com,Auckland,None
Giovanny,Barajas,giovannybarajas94@gmail.com,Wellington,None
Jazlynn,Mcintyre,jazlynnmcintyre67@gmail.com,Christchurch,None
Zain,Leblanc,zainleblanc96@gmail.com,Auckland,None
Sarai,Kim,saraikim50@gmail.com,Wellington,None
Callum,Ramirez,callumramirez91@gmail.com,Christchurch,None
Samantha,Gates,samanthagates45@gmail.com,Auckland,None
Amare,Osborne,amareosborne35@gmail.com,Wellington,None
Josie,Mckay,josiemckay19@gmail.com,Christchurch,None
Kamden,Contreras,kamdencontreras90@gmail.com,Auckland,None
Avery,Lam,averylam47@gmail.com,Wellington,None
Valentina,Craig,valentinacraig50@gmail.com,Christchurch,None
Brennan,Barber,brennanbarber64@gmail.com,Auckland,None
Natalie,Mcgrath,nataliemcgrath14@gmail.com,Wellington,None
Darren,Reese,darrenreese50@gmail.com,Christchurch,None
Jaidyn,Kim,jaidynkim11@gmail.com,Auckland,None
Kai,Hopkins,kaihopkins67@gmail.com,Wellington,None
Thalia,Lester,thalialester52@gmail.com,Christchurch,None
Mateo,Shaw,mateoshaw56@gmail.com,Auckland,None
Ariah,Wall,ariahwall46@gmail.com,Wellington,None
Stetson,Lamb,stetsonlamb21@gmail.com,Christchurch,None
Reese,Salazar,reesesalazar35@gmail.com,Auckland,None
Cassidy,Bailey,cassidybailey61@gmail.com,Wellington,None
Julie,Silva,juliesilva71@gmail.com,Christchurch,None