Zoe,Cook,z.cook736@hotmail.com,Wellington,ZoeCoo2023
Zoe,McKenzie,zoe.mckenzie@example.com,Wellington,ZoeMcK2023
Zion,Whitaker,zionwhitaker67@gmail.com,Christchurch,ZioWhi2023
Zain,Leblanc,zainleblanc96@gmail.com,Auckland,ZaiLeb2023
Wyatt,Bennett,w.bennett724@gmail.com,Auckland,WyaBen2023
Wyatt,Flores,wyatt.flores@example.com,Auckland,WyaFlo2023
Wyatt,Webster,wyatt.webster@example.com,Auckland,WyaWeb2023
William,Clark,william.clark@example.com,Wellington,WilCla2023
William,Brown,william.brown@example.com,Auckland,WilBro2023
William,Scott,william.scott@example.com,Christchurch,WilSco2023
William,Walker,william.walker@example.com,Christchurch,WilWal2023
William,Smith,william.smith@example.com,Wellington,WilSmi2023
William,Gray,william.gray@example.com,Christchurch,WilGra2023
William,Brown,william.brown@example.com,Auckland,WilBro2023
William,Green,william.green@example.com,Christchurch,WilGre2023
William,Cook,william.cook@example.com,Christchurch,WilCoo2023
William,Green,william.green@example.com,Wellington,WilGre2023
William,Lewis,william.lewis@example.com,Wellington,WilLew2023
William,Jones,william.jones@example.com,Wellington,WilJon2023
William,Turner,william.turner@example.com,Auckland,WilTur2023
William,King,w.king345@hotmail.com,Christchurch,WilKin2023
William,Williams,william.williams@example.com,Wellington,WilWil2023
Violet,Murphy,v.murphy673@hotmail.com,Auckland,VioMur2023
Victoria,Wright,victoria.wright@example.com,Wellington,VicWri2023
Victoria,Carter,victoria.carter@example.com,Auckland,VicCar2023
Victoria,Campbell,v.campbell766@hotmail.com,Christchurch,VicCam2023
Valentina,Craig,valentinacraig50@gmail.com,Christchurch,ValCra2023
Thalia,Lester,thalialester52@gmail.com,Christchurch,ThaLes2023
Stetson,Lamb,stetsonlamb21@gmail.com,Christchurch,SteLam2023
Stella,Gonzalez,s.gonzalez506@hotmail.com,Christchurch,SteGon2023
Sophie,Wood,sophie.wood@example.com,Auckland,SopWoo2023
Sophia,Reed,sophia.reed@example.com,Auckland,SopRee2023
Sophia,Wilson,sophia.wilson@example.com,Christchurch,SopWil2023
Sophia,Turner,s.turner837@hotmail.com,Auckland,SopTur2023
Sophia,Evans,sophia.evans@example.com,Wellington,SopEva2023
Sophia,Johnson,sophia.johnson@example.com,Auckland,SopJoh2023
Sophia,Davis,sophia.davis@example.com,Auckland,SopDav2023
Sophia,Rodriguez,sophia.rodriguez@example.com,Christchurch,SopRod2023
Sophia,Jackson,sophia.jackson@example.com,Auckland,SopJac2023
Sophia,Taylor,sophia.taylor@example.com,Wellington,SopTay2023
Sophia,Peterson,sophia.peterson@example.com,Auckland,SopPet2023
Sophia,Taylor,sophia.taylor@example.com,Wellington,SopTay2023
Sofia,Fernandez,sofia.fernandez@example.com,Auckland,SofFer2023
Sofia,Martin,sofia.martin@example.com,Christchurch,SofMar2023
Sofia,Morris,sofia.morris@example.com,Auckland,SofMor2023
Sofia,Cunningham,sofia.cunningham@example.com,Wellington,SofCun2023
Sofia,Young,s.young527@hotmail.com,Auckland,SofYou2023
Sebastian,Murphy,sebastian.murphy@example.com,Auckland,SebMur2023
Sebastian,Bailey,s.bailey328@hotmail.com,Christchurch,SebBai2023
Scarlett,Edwards,scarlett.edwards@example.com,Auckland,ScaEdw2023
Scarlett,Campbell,scarlett.campbell@example.com,Christchurch,ScaCam2023
Scarlett,Foster,scarlett.foster@example.com,Wellington,ScaFos2023
Scarlett,Hughes,scarlett.hughes@example.com,Auckland,ScaHug2023
Sarai,Kim,saraikim50@gmail.com,Wellington,SarKim2023
Samantha,Gates,samanthagates45@gmail.com,Auckland,SamGat2023
Samantha,Perez,s.perez879@hotmail.com,Christchurch,SamPer2023
Samantha,Campbell,samantha.campbell@example.com,Christchurch,SamCam2023
Ryan,Scott,ryan.scott@example.com,Wellington,RyaSco2023
Reese,Salazar,reesesalazar35@gmail.com,Auckland,ReeSal2023
Penelope,Boyd,penelope.boyd@example.com,Christchurch,PenBoy2023
Penelope,Butler,p.butler783@hotmail.com,Auckland,PenBut2023
Penelope,Parker,penelope.parker@example.com,Auckland,PenPar2023
Paisley,Foster,paisley.foster@example.com,Christchurch,PaiFos2023
Owen,Garcia,o.garcia842@hotmail.com,Christchurch,OweGar2023
Owen,Murphy,owen.murphy@example.com,Auckland,OweMur2023
Owen,Baker,owen.baker@example.com,Auckland,OweBak2023
Owen,Carter,owen.carter@example.com,Auckland,OweCar2023
Owen,Woodward,owen.woodward@example.com,Wellington,OweWoo2023
Owen,Bell,owen.bell@example.com,Wellington,OweBel2023
Owen,Anderson,owen.anderson@example.com,Auckland,OweAnd2023
Olivia,Anderson,olivia.anderson@example.com,Auckland,OliAnd2023
Olivia,Jackson,olivia.jackson@example.com,Christchurch,OliJac2023
Olivia,Clark,olivia.clark@example.com,Auckland,OliCla2023
Olivia,Wilson,o.wilson358@hotmail.com,Auckland,OliWil2023
Olivia,Bailey,olivia.bailey@example.com,Wellington,OliBai2023
Olivia,Taylor,olivia.taylor@example.com,Wellington,OliTay2023
Olivia,Evans,olivia.evans@example.com,Wellington,OliEva2023
Olivia,Brown,olivia.brown@example.com,Wellington,OliBro2023
Olivia,King,olivia.king@example.com,Christchurch,OliKin2023
Olivia,Brooks,olivia.brooks@example.com,Wellington,OliBro2023
Olivia,Anderson,olivia.anderson@example.com,Auckland,OliAnd2023
Oliver,Wallace,oliver.wallace@example.com,Christchurch,OliWal2023
Oliver,Jones,oliver.jones@example.com,Wellington,OliJon2023
Oliver,Jones,oliver.jones@example.com,Wellington,OliJon2023
Nova,Perry,nova.perry@example.com,Wellington,NovPer2023
Nova,Gibson,nova.gibson@example.com,Wellington,NovGib2023
Nolan,Evans,nolan.evans@example.com,Christchurch,NolEva2023
Noah,Taylor,noah.taylor@example.com,Christchurch,NoaTay2023
Noah,White,noah.white@example.com,Auckland,NoaWhi2023
Noah,Miller,noah.miller@example.com,Christchurch,NoaMil2023
Noah,Miller,noah.miller@example.com,Auckland,NoaMil2023
Noah,Scott,noah.scott@example.com,Auckland,NoaSco2023
Noah,Parker,noah.parker@example.com,Christchurch,NoaPar2023
Noah,Anderson,noah.anderson@example.com,Christchurch,NoaAnd2023
Noah,Parker,n.parker111@yahoo.com,Wellington,NoaPar2023
Noah,Murphy,noah.murphy@example.com,Christchurch,NoaMur2023
Noah,Watson,noah.watson@example.com,Christchurch,NoaWat2023
Noah,Miller,noah.miller@example.com,Christchurch,NoaMil2023
Nicholas,Coleman,nicholas.coleman@example.com,Christchurch,NicCol2023
Nicholas,Allen,n.allen329@gmail.com,Wellington,NicAll2023
Nathan,Richardson,nathan.richardson@example.com,Auckland,NatRic2023
Nathan,Bailey,nathan.bailey@example.com,Wellington,NatBai2023
Nathan,Powell,nathan.powell@example.com,Auckland,NatPow2023
Nathan,Miller,nathan.miller@example.com,Auckland,NatMil2023
Natalie,Mcgrath,nataliemcgrath14@gmail.com,Wellington,NatMcg2023
Natalie,Hunter,natalie.hunter@example.com,Auckland,NatHun2023
Natalie,Delaney,natalie.delaney@example.com,Christchurch,NatDel2023
Mila,Phillips,m.phillips587@gmail.com,Auckland,MilPhi2023
Michael,Martin,michael.martin@example.com,Christchurch,MicMar2023
Michael,Murphy,michael.murphy@example.com,Auckland,MicMur2023
Michael,Baker,michael.baker@example.com,Christchurch,MicBak2023
Micah,Harrison,micah.harrison@example.com,Wellington,MicHar2023
Mia,Lewis,mia.lewis@example.com,Auckland,MiaLew2023
Mia,Lee,mia.lee@example.com,Auckland,MiaLee2023
Mia,Robinson,mia.robinson@example.com,Wellington,MiaRob2023
Mia,Turner,mia.turner@example.com,Auckland,MiaTur2023
Mia,Torres,mia.torres@example.com,Wellington,MiaTor2023
Mia,White,mia.white@example.com,Christchurch,MiaWhi2023
Mia,Barn,mia.barn@example.com,Auckland,MiaBar2023
Mia,Hill,m.hill862@gmail.com,Auckland,MiaHil2023
Mia,Reyes,mia.reyes@example.com,Auckland,MiaRey2023
Mia,Brown,mia.brown@example.com,Wellington,MiaBro2023
Mia,Rogers,mia.rogers@example.com,Wellington,MiaRog2023
Mia,Reed,mia.reed@example.com,Christchurch,MiaRee2023
Mia,Taylor,mia.taylor@example.com,Auckland,MiaTay2023
Maxwell,Collins,maxwell.collins@example.com,Christchurch,MaxCol2023
Matthew,Adams,matthew.adams@example.com,Auckland,MatAda2023
Mateo,Shaw,mateoshaw56@gmail.com,Auckland,MatSha2023
Mason,Taylor,mason.taylor@example.com,Christchurch,MasTay2023
Mason,Martin,mason.martin@example.com,Christchurch,MasMar2023
Mason,Gray,m.gray748@hotmail.com,Wellington,MasGra2023
Mason,Bryant,mason.bryant@example.com,Auckland,MasBry2023
Mason,Parker,mason.parker@example.com,Auckland,MasPar2023
Mason,Roberts,mason.roberts@example.com,Auckland,MasRob2023
Mason,Mitchell,mason.mitchell@example.com,Christchurch,MasMit2023
Madison,Perez,madison.perez@example.com,Christchurch,MadPer2023
Madison,Hill,madison.hill@example.com,Auckland,MadHil2023
Madison,Phillips,madison.phillips@example.com,Auckland,MadPhi2023
Madison,King,madison.king@example.com,Wellington,MadKin2023
Madison,Wright,m.wright627@hotmail.com,Wellington,MadWri2023
Madelyn,Turner,madelyn.turner@example.com,Christchurch,MadTur2023
Madelyn,Walker,madelyn.walker@example.com,Christchurch,MadWal2023
Macy,Ballard,macyballard47@gmail.com,Christchurch,MacBal2023
Luna,Cooper,luna.cooper@example.com,Wellington,LunCoo2023
Luna,Price,luna.price@example.com,Wellington,LunPri2023
Luna,Brown,luna.brown@example.com,Wellington,LunBro2023
Luna,Ward,l.ward195@yahoo.com,Christchurch,LunWar2023
Luke,Brooks,luke.brooks@example.com,Christchurch,LukBro2023
Luke,Bailey,l.bailey786@hotmail.com,Christchurch,LukBai2023
Luke,Cruz,luke.cruz@example.com,Auckland,LukCru2023
Luke,Clarkson,luke.clarkson@example.com,Auckland,LukCla2023
Luke,Gibson,luke.gibson@example.com,Auckland,LukGib2023
Luke,Green,luke.green@example.com,Wellington,LukGre2023
Lucy,Allen,lucy.allen@example.com,Auckland,LucAll2023
Lucas,Wright,lucas.wright@example.com,Auckland,LucWri2023
Lucas,Wright,lucas.wright@example.com,Wellington,LucWri2023
Lucas,Murphy,lucas.murphy@example.com,Christchurch,LucMur2023
Lucas,Mitchell,l.mitchell114@hotmail.com,Christchurch,LucMit2023
Lucas,Miller,lucas.miller@example.com,Christchurch,LucMil2023
Lucas,Young,lucas.young@example.com,Auckland,LucYou2023
Lucas,White,lucas.white@example.com,Wellington,LucWhi2023
Lucas,Lopez,lucas.lopez@example.com,Christchurch,LucLop2023
Logan,Parker,logan.parker@example.com,Christchurch,LogPar2023
Logan,Clark,logan.clark@example.com,Wellington,LogCla2023
Logan,Martin,logan.martin@example.com,Christchurch,LogMar2023
Logan,Green,logan.green@example.com,Auckland,LogGre2023
Logan,Morgan,logan.morgan@example.com,Wellington,LogMor2023
Logan,Ramirez,logan.ramirez@example.com,Wellington,LogRam2023
Logan,Foster,logan.foster@example.com,Auckland,LogFos2023
Logan,Murphy,l.murphy971@yahoo.com,Wellington,LogMur2023
Logan,Clark,logan.clark@example.com,Wellington,LogCla2023
Logan,Campbell,logan.campbell@example.com,Auckland,LogCam2023
Lincoln,Davis,l.davis758@hotmail.com,Auckland,LinDav2023
Lily,Roberts,lily.roberts@example.com,Auckland,LilRob2023
Lily,Foster,lily.foster@example.com,Christchurch,LilFos2023
Lily,Harris,lily.harris@example.com,Wellington,LilHar2023
Lila,Foster,l.foster768@hotmail.com,Wellington,LilFos2023
Lila,Cook,lila.cook@example.com,Auckland,LilCoo2023
Lila,Gallegos,lilagallegos49@gmail.com,Auckland,LilGal2023
Lila,Taylor,lila.taylor@example.com,Wellington,LilTay2023
Lila,Campbell,lila.campbell@example.com,Christchurch,LilCam2023
Liam,Edwards,liam.edwards@example.com,Auckland,LiaEdw2023
Liam,Thomas,liam.thomas@example.com,Wellington,LiaTho2023
Liam,Kelly,liam.kelly@example.com,Auckland,LiaKel2023
Liam,Mitchell,liam.mitchell@example.com,Auckland,LiaMit2023
Liam,Thomas,liam.thomas@example.com,Wellington,LiaTho2023
Liam,Miller,l.miller523@gmail.com,Auckland,LiaMil2023
Liam,Martin,liam.martin@example.com,Auckland,LiaMar2023
Liam,Lee,liam.lee@example.com,Auckland,LiaLee2023
Liam,Garcia,liam.garcia@example.com,Auckland,LiaGar2023
Liam,Cooper,liam.cooper@example.com,Auckland,LiaCoo2023
Liam,Smith,liam.smith@example.com,Christchurch,LiaSmi2023
Levi,Hughes,levi.hughes@example.com,Christchurch,LevHug2023
Levi,Anderson,levi.anderson@example.com,Wellington,LevAnd2023
Levi,Fitzgerald,levi.fitzgerald@example.com,Christchurch,LevFit2023
Levi,Edwards,levi.edwards@example.com,Auckland,LevEdw2023
Leo,Flores,l.flores432@hotmail.com,Auckland,LeoFlo2023
Leah,Parker,l.parker152@hotmail.com,Wellington,LeaPar2023
Leah,Johnston,leah.johnston@example.com,Christchurch,LeaJoh2023
Leah,Long,leah.long@example.com,Auckland,LeaLon2023
Landon,Brown,landon.brown@example.com,Auckland,LanBro2023
Kamden,Contreras,kamdencontreras90@gmail.com,Auckland,KamCon2023
Kai,Hopkins,kaihopkins67@gmail.com,Wellington,KaiHop2023
Julie,Silva,juliesilva71@gmail.com,Christchurch,JulSil2023
Julian,Harper,julian.harper@example.com,Wellington,JulHar2023
Josie,Mckay,josiemckay19@gmail.com,Christchurch,JosMck2023
Josiah,Rogers,josiah.rogers@example.com,Wellington,JosRog2023
Jazlynn,Mcintyre,jazlynnmcintyre67@gmail.com,Christchurch,JazMci2023
Jayden,Scott,jayden.scott@example.com,Wellington,JaySco2023
Jayden,Mitchell,jayden.mitchell@example.com,Auckland,JayMit2023
James,Anderson,james.anderson@example.com,Christchurch,JamAnd2023
James,White,james.white@example.com,Auckland,JamWhi2023
James,Bennett,james.bennett@example.com,Auckland,JamBen2023
James,Turner,james.turner@example.com,Auckland,JamTur2023
James,Green,j.green997@yahoo.com,Wellington,JamGre2023
James,Cooper,james.cooper@example.com,Auckland,JamCoo2023
James,Howard,james.howard@example.com,Auckland,JamHow2023
James,Sanchez,james.sanchez@example.com,Auckland,JamSan2023
James,Hughes,james.hughes@example.com,Christchurch,JamHug2023
Jaidyn,Kim,jaidynkim11@gmail.com,Auckland,JaiKim2023
Jacob,Evans,jacob.evans@example.com,Auckland,JacEva2023
Jacob,Young,jacob.young@example.com,Auckland,JacYou2023
Jacob,Hall,j.hall619@hotmail.com,Auckland,JacHal2023
Jacob,Kelly,jacob.kelly@example.com,Auckland,JacKel2023
Jacob,Clark,jacob.clark@example.com,Wellington,JacCla2023
Jacob,Green,jacob.green@example.com,Auckland,JacGre2023
Jacob,Parker,jacob.parker@example.com,Wellington,JacPar2023
Jackson,Harris,jackson.harris@example.com,Auckland,JacHar2023
Jackson,Cooper,j.cooper140@gmail.com,Christchurch,JacCoo2023
Jackson,Walker,jackson.walker@example.com,Auckland,JacWal2023
Jackson,Cooper,jackson.cooper@example.com,Wellington,JacCoo2023
Jack,Hill,jack.hill@example.com,Auckland,JacHil2023
Jack,Martin,jack.martin@example.com,Christchurch,JacMar2023
Isabella,Scott,i.scott264@hotmail.com,Auckland,IsaSco2023
Isabella,Jackson,isabella.jackson@example.com,Christchurch,IsaJac2023
Isabella,Sullivan,isabella.sullivan@example.com,Auckland,IsaSul2023
Isabella,Price,isabella.price@example.com,Wellington,IsaPri2023
Isabella,Thomas,isabella.thomas@example.com,Wellington,IsaTho2023
Isabella,Morris,isabella.morris@example.com,Wellington,IsaMor2023
Isabella,Baker,isabella.baker@example.com,Auckland,IsaBak2023
Isabella,Stewart,isabella.stewart@example.com,Wellington,IsaSte2023
Isabella,Ramirez,isabella.ramirez@example.com,Christchurch,IsaRam2023
Isabella,Wilson,isabella.wilson@example.com,Christchurch,IsaWil2023
Isabella,Martin,isabella.martin@example.com,Christchurch,IsaMar2023
Isabella,Taylor,isabella.taylor@example.com,Wellington,IsaTay2023
Isabella,Cox,isabella.cox@example.com,Wellington,IsaCox2023
Isaac,Walker,i.walker435@hotmail.com,Auckland,IsaWal2023
Isaac,Cook,isaac.cook@example.com,Christchurch,IsaCoo2023
Isaac,Long,isaac.long@example.com,Christchurch,IsaLon2023
Isaac,Scott,isaac.scott@example.com,Auckland,IsaSco2023
Ian,Scott,ian.scott@example.com,Wellington,IanSco2023
Ian,Morales,ianmorales35@gmail.com,Wellington,IanMor2023
Henry,Hogan,henry.hogan@example.com,Wellington,HenHog2023
Henry,Phillips,henry.phillips@example.com,Wellington,HenPhi2023
Henry,Hughes,hnery.hughes@example.com,Auckland,HenHug2023
Hazel,Morris,hazel.morris@example.com,Christchurch,HazMor2023
Hazel,Jones,hazel.jones@example.com,Christchurch,HazJon2023
Hazel,Collins,hazel.collins@example.com,Auckland,HazCol2023
Harper,Adams,harper.adams@example.com,Wellington,HarAda2023
Harper,Stewart,harper.stewart@example.com,Wellington,HarSte2023
Harper,Ross,h.ross585@hotmail.com,Auckland,HarRos2023
Harper,Harris,harper.harris@example.com,Auckland,HarHar2023
Harper,Wood,harper.wood@example.com,Auckland,HarWoo2023
Harper,Nguyen,harper.nguyen@example.com,Christchurch,HarNgu2023
Hannah,Hamilton,hannah.hamilton@example.com,Auckland,HanHam2023
Grayson,Wright,grayson.wright@example.com,Christchurch,GraWri2023
Grayson,Collins,grayson.collins@example.com,Auckland,GraCol2023
Grace,Bell,grace.bell@example.com,Christchurch,GraBel2023
Grace,Hill,grace.hill@example.com,Auckland,GraHil2023
Giovanny,Barajas,giovannybarajas94@gmail.com,Wellington,GioBar2023
Gabriella,Hill,gabriella.hill@example.com,Auckland,GabHil2023
Gabriel,Reyes,gabriel.reyes@example.com,Wellington,GabRey2023
Gabriel,Hall,g.hall802@hotmail.com,Wellington,GabHal2023
Gabriel,Matthews,gabriel.matthews@example.com,Christchurch,GabMat2023
Gabriel,Rodriguez,gabriel.rodriguez@example.com,Wellington,GabRod2023
Evelyn,Robinson,evelyn.robinson@example.com,Auckland,EveRob2023
Evelyn,Hughes,evelyn.hughes@example.com,Wellington,EveHug2023
Evelyn,Lee,evelyn.lee@example.com,Christchurch,EveLee2023
Evelyn,Chen,evelynchen29@gmail.com,Auckland,EveChe2023
Evelyn,Coleman,evelyn.coleman@example.com,Wellington,EveCol2023
Evelyn,Bailey,evelyn.bailey@example.com,Wellington,EveBai2023
Evelyn,Lewis,evelyn.lewis@example.com,Christchurch,EveLew2023
Evelyn,Mitchell,evelyn.mitchell@example.com,Auckland,EveMit2023
Evelyn,Wood,evelyn.wood@example.com,Wellington,EveWoo2023
Evelyn,Howard,e.howard562@hotmail.com,Auckland,EveHow2023
Evelyn,Murphy,evelyn.murphy@example.com,Christchurch,EveMur2023
Ethan,Moore,ethan.moore@example.com,Wellington,EthMoo2023
Ethan,Cooper,ethan.cooper@example.com,Christchurch,EthCoo2023
Ethan,Evans,e.evans997@gmail.com,Christchurch,EthEva2023
Ethan,Brown,ethan.brown@example.com,Auckland,EthBro2023
Ethan,Gonzalez,ethan.gonzalez@example.com,Wellington,EthGon2023
Ethan,Kelly,ethan.kelly@example.com,Auckland,EthKel2023
Ethan,Ward,ethan.ward@example.com,Christchurch,EthWar2023
Ethan,Jackson,ethan.jackson@example.com,Auckland,EthJac2023
Ethan,Hall,ethan.hall@example.com,Auckland,EthHal2023
Ethan,Wood,ethan.wood@example.com,Christchurch,EthWoo2023
Ethan,Anderson,ethan.anderson@example.com,Christchurch,EthAnd2023
Ethan,Morris,ethan.morris@example.com,Christchurch,EthMor2023
Ethan,Lewis,ethan.lewis@example.com,Christchurch,EthLew2023
Ethan,Johnson,ethan.johnson@example.com,Auckland,EthJoh2023
Ethan,Davis,ethan.davis@example.com,Auckland,EthDav2023
Ethan,Parker,ethan.parker@example.com,Auckland,EthPar2023
Ethan,Mitchell,ethan.mitchell@example.com,Auckland,EthMit2023
Emma,Moore,emma.moore@example.com,Wellington,EmmMoo2023
Emma,King,emma.king@example.com,Christchurch,EmmKin2023
Emma,Harris,emma.harris@example.com,Wellington,EmmHar2023
Emma,Smith,emma.smith@example.com,Auckland,EmmSmi2023
Emma,Lee,e.lee666@hotmail.com,Auckland,EmmLee2023
Emma,Collins,emma.collins@example.com,Christchurch,EmmCol2023
Emma,Martin,emma.martin@example.com,Auckland,EmmMar2023
Emma,Johnson,emma.johnson@example.com,Auckland,EmmJoh2023
Emma,Reed,emma.reed@example.com,Christchurch,EmmRee2023
Emma,Moore,emma.moore@example.com,Christchurch,EmmMoo2023
Emma,Richardson,emma.richardson@example.com,Christchurch,EmmRic2023
Emma,Sanders,emma.sanders@example.com,Christchurch,EmmSan2023
Emily,Campbell,e.campbell492@hotmail.com,Auckland,EmiCam2023
Emily,Brown,emily.brown@example.com,Auckland,EmiBro2023
Emily,Smith,emily.smith@example.com,Auckland,EmiSmi2023
Emily,Campbell,emily.campbell@example.com,Auckland,EmiCam2023
Emily,Hill,emily.hill@example.com,Christchurch,EmiHil2023
Emily,Harris,emily.harris@example.com,Wellington,EmiHar2023
Ella,Bailey,ella.bailey@example.com,Wellington,EllBai2023
Ella,Wilson,ella.wilson@example.com,Auckland,EllWil2023
Ella,Williams,ella.williams@example.com,Wellington,EllWil2023
Ella,Davis,ella.davis@example.com,Auckland,EllDav2023
Ella,Barrett,ella.barrett@example.com,Auckland,EllBar2023
Ella,Kelly,ella.kelly@example.com,Auckland,EllKel2023
Ella,Turner,ella.turner@example.com,Auckland,EllTur2023
Ella,Parker,ella.parker@example.com,Auckland,EllPar2023
Elizabeth,Stewart,elizabeth.stewart@example.com,Auckland,EliSte2023
Elizabeth,Johnston,elizabeth.johnston@example.com,Auckland,EliJoh2023
Elizabeth,White,elizabeth.white@example.com,Christchurch,EliWhi2023
Elijah,Adams,elijah.adams@example.com,Wellington,EliAda2023
Elijah,Rossi,elijah.rossi@example.com,Christchurch,EliRos2023
Elijah,Reed,e.reed286@hotmail.com,Wellington,EliRee2023
Elijah,Hall,elijah.hall@example.com,Wellington,EliHal2023
Eli,Pearson,eli.pearson@example.com,Christchurch,EliPea2023
Eleanor,James,eleanor.james@example.com,Auckland,EleJam2023
Dylan,Reid,dylan.reid@example.com,Auckland,DylRei2023
David,Bryant,david.bryant@example.com,Auckland,DavBry2023
David,Chavez,david.chavez@example.com,Christchurch,DavCha2023
Darren,Reese,darrenreese50@gmail.com,Christchurch,DarRee2023
Daniel,Clark,daniel.clark@example.com,Auckland,DanCla2023
Daniel,Green,daniel.green@example.com,Auckland,DanGre2023
Daniel,Young,daniel.young@example.com,Christchurch,DanYou2023
Connor,Holmes,connor.holmes@example.com,Auckland,ConHol2023
Chloe,Hall,chloe.hall@example.com,Auckland,ChlHal2023
Chloe,Richardson,chloe.richardson@example.com,Wellington,ChlRic2023
Chloe,Scott,chloe.scott@example.com,Christchurch,ChlSco2023
Chloe,Watson,chloe.watson@example.com,Auckland,ChlWat2023
Chloe,Nelson,c.nelson873@yahoo.com,Auckland,ChlNel2023
Chloe,Lee,chloe.lee@example.com,Auckland,ChlLee2023
Charlotte,Roberts,c.roberts791@gmail.com,Christchurch,ChaRob2023
Charlotte,Evans,charlotte.evans@example.com,Auckland,ChaEva2023
Charlotte,Ross,charlotte.ross@example.com,Auckland,ChaRos2023
Charlotte,Campbell,charlotte.campbell@example.com,Wellington,ChaCam2023
Charlotte,Anderson,charlotte.anderson@example.com,Christchurch,ChaAnd2023
Charlotte,Morris,charlotte.morris@example.com,Christchurch,ChaMor2023
Charlotte,Foster,charlotte.foster@example.com,Christchurch,ChaFos2023
Cassidy,Bailey,cassidybailey61@gmail.com,Wellington,CasBai2023
Carter,Moore,carter.moore@example.com,Wellington,CarMoo2023
Carter,Williams,c.williams615@gmail.com,Wellington,CarWil2023
Carter,Ramirez,carter.ramirez@example.com,Christchurch,CarRam2023
Carter,Edwards,carter.edwards@example.com,Auckland,CarEdw2023
Carter,Reid,carter.reid@example.com,Christchurch,CarRei2023
Cameron,Walker,cameron.walker@example.com,Auckland,CamWal2023
Callum,Ramirez,callumramirez91@gmail.com,Christchurch,CalRam2023
Caleb,Adams,caleb.adams@example.com,Wellington,CalAda2023
Caleb,Butler,caleb.butler@example.com,Wellington,CalBut2023
Caleb,Johnson,caleb.johnson@example.com,Christchurch,CalJoh2023
Caleb,Parker,caleb.parker@example.com,Auckland,CalPar2023
Caleb,Turner,c.turner915@hotmail.com,Wellington,CalTur2023
Caleb,Sanders,caleb.sanders@example.com,Auckland,CalSan2023
Brennan,Barber,brennanbarber64@gmail.com,Auckland,BreBar2023
Brendan,Byrd,brendanbyrd41@gmail.com,Wellington,BreByr2023
Benjamin,Stewart,benjamin.stewart@example.com,Wellington,BenSte2023
Benjamin,Scott,benjamin.scott@example.com,Christchurch,BenSco2023
Benjamin,Clark,benjamin.clark@example.com,Wellington,BenCla2023
Benjamin,Ross,benjamin.ross@example.com,Auckland,BenRos2023
Benjamin,Hall,benjamin.hall@example.com,Auckland,BenHal2023
Benjamin,Martin,b.martin698@hotmail.com,Christchurch,BenMar2023
Benjamin,Harris,benjamin.harris@example.com,Wellington,BenHar2023
Ben,Long,ben.long@example.com,Auckland,BenLon2023
Bella,Miller,bella.miller@example.com,Wellington,BelMil2023
Bella,Gonzalez,bella.gonzalez@example.com,Wellington,BelGon2023
Bella,Murphy,bella.murphy@example.com,Christchurch,BelMur2023
Becky,Morales,becky.morales@example.com,Wellington,BecMor2023
Beatrice,Foster,beatrice.foster@example.com,Auckland,BeaFos2023
Barbara,Richardson,barbara.richardson@example.com,Christchurch,BarRic2023
Bailey,Johnson,bailey.johnson@example.com,Wellington,BaiJoh2023
Avery,Mitchell,avery.mitchell@example.com,Auckland,AveMit2023
Avery,Wilson,avery.wilson@example.com,Wellington,AveWil2023
Avery,Cook,avery.cook@example.com,Christchurch,AveCoo2023
Avery,Morgan,avery.morgan@example.com,Auckland,AveMor2023
Avery,Rogers,avery.rogers@example.com,Christchurch,AveRog2023
Avery,Gonzalez,avery.gonzalez@example.com,Auckland,AveGon2023
Avery,Hall,avery.hall@example.com,Wellington,AveHal2023
Avery,Hayes,avery.hayes@example.com,Wellington,AveHay2023
Avery,Carter,avery.carter@example.com,Wellington,AveCar2023
Avery,Douglas,avery.douglas@example.com,Auckland,AveDou2023
Avery,Perry,a.perry550@hotmail.com,Christchurch,AvePer2023
Avery,Lam,averylam47@gmail.com,Wellington,AveLam2023
Avery,Young,avery.young@example.com,Auckland,AveYou2023
Ava,Bryant,ava.bryant@example.com,Christchurch,AvaBry2023
Ava,Wood,a.wood526@gmail.com,Christchurch,AvaWoo2023
Ava,Martinez,ava.martinez@example.com,Christchurch,AvaMar2023
Ava,Anderson,ava.anderson@example.com,Auckland,AvaAnd2023
Ava,Anderson,ava.anderson@example.com,Auckland,AvaAnd2023
Ava,Taylor,ava.taylor@example.com,Christchurch,AvaTay2023
Ava,Bailey,ava.bailey@example.com,Auckland,AvaBai2023
Ava,Bell,ava.bell@example.com,Auckland,AvaBel2023
Ava,Campbell,ava.campbell@example.com,Auckland,AvaCam2023
Ava,Campbell,ava.campbell@example.com,Auckland,AvaCam2023
Ava,Rogers,ava.rogers@example.com,Auckland,AvaRog2023
Ava,James,ava.james@example.com,Auckland,AvaJam2023
Austin,Ward,austin.ward@example.com,Wellington,AusWar2023
Aurora,West,aurora.west@example.com,Wellington,AurWes2023
Aurora,Perez,aurora.perez@example.com,Wellington,AurPer2023
Audrey,Anderson,audrey.anderson@example.com,Wellington,AudAnd2023
Audrey,Harrison,audrey.harrison@example.com,Auckland,AudHar2023
Aubrey,Reid,aubrey.reid@example.com,Auckland,AubRei2023
Aubrey,Sanders,aubrey.sanders@example.com,Christchurch,AubSan2023
Ashton,Brooks,ashton.brooks@example.com,Wellington,AshBro2023
Ashley,Hughes,ashley.hughes@example.com,Auckland,AshHug2023
Asher,Cook,asher.cook@example.com,Christchurch,AshCoo2023
Arthur,Reed,arthur.reed@example.com,Wellington,ArtRee2023
Ariel,Rivera,ariel.rivera@example.com,Auckland,AriRiv2023
Arianna,Wood,arianna.wood@example.com,Christchurch,AriWoo2023
Ariana,Carter,ariana.carter@example.com,Wellington,AriCar2023
Ariah,Wall,ariahwall46@gmail.com,Wellington,AriWal2023
Aria,Martin,aria.martin@example.com,Auckland,AriMar2023
Aria,Collins,a.collins497@hotmail.com,Auckland,AriCol2023
Aria,Hughes,aria.hughes@example.com,Wellington,AriHug2023
Aria,Morris,aria.morris@example.com,Wellington,AriMor2023
Aria,Johnson,aria.johnson@example.com,Auckland,AriJoh2023
Aria,Rogers,aria.rogers@example.com,Auckland,AriRog2023
Aria,Peterson,aria.peterson@example.com,Auckland,AriPet2023
Aria,Smith,aria.smith@example.com,Auckland,AriSmi2023
Aria,Evans,aria.evans@example.com,Christchurch,AriEva2023
Aria,Green,aria.green@example.com,Christchurch,AriGre2023
Aria,Cruz,aria.cruz@example.com,Wellington,AriCru2023
Archie,Murphy,archie.murphy@example.com,Christchurch,ArcMur2023
April,Ross,april.ross@example.com,Wellington,AprRos2023
Anthony,Turner,anthony.turner@example.com,Auckland,AntTur2023
Annie,Nelson,annie.nelson@example.com,Christchurch,AnnNel2023
Anne,Baker,anne.baker@example.com,Wellington,AnnBak2023
Anna,Mitchell,anna.mitchell@example.com,Auckland,AnnMit2023
Anita,Cooper,anita.cooper@example.com,Christchurch,AniCoo2023
Anika,Bell,anika.bell@example.com,Wellington,AniBel2023
Angie,Morris,angie.morris@example.com,Auckland,AngMor2023
Angela,Murphy,angela.murphy@example.com,Christchurch,AngMur2023
Angel,Flores,angel.flores@example.com,Wellington,AngFlo2023
Andrew,Rodriguez,andrew.rodriguez@example.com,Auckland,AndRod2023
Andrew,Smith,andrew.smith@example.com,Auckland,AndSmi2023
Andrea,Cox,andrea.cox@example.com,Christchurch,AndCox2023
Amy,Parker,amy.parker@example.com,Wellington,AmyPar2023
Amina,Turner,amina.turner@example.com,Auckland,AmiTur2023
Amelia,Baker,a.baker474@yahoo.com,Wellington,AmeBak2023
Amelia,Howard,amelia.howard@example.com,Christchurch,AmeHow2023
Amelia,Ryan,amelia.ryan@example.com,Christchurch,AmeRya2023
Amelia,Lewis,amelia.lewis@example.com,Christchurch,AmeLew2023
Amelia,Miller,amelia.miller@example.com,Auckland,AmeMil2023
Amelia,Mitchell,amelia.mitchell@example.com,Auckland,AmeMit2023
Amelia,Watson,amelia.watson@example.com,Auckland,AmeWat2023
Amare,Osborne,amareosborne35@gmail.com,Wellington,AmaOsb2023
Amara,Phillips,amara.phillips@example.com,Wellington,AmaPhi2023
Alyssa,James,alyssa.james@example.com,Auckland,AlyJam2023
Alyssa,Pilbrow,alyssa@example.com,ChristChurch,AlyPil2023
Allyson,Roberts,allyson.roberts@example.com,Christchurch,AllRob2023
Allison,Foster,allison.foster@example.com,Wellington,AllFos2023
Alisha,Hayes,alisha.hayes@example.com,Auckland,AliHay2023
Alina,Morgan,alina.morgan@example.com,Christchurch,AliMor2023
Alicia,Campbell,alicia.campbell@example.com,Wellington,AliCam2023
Alice,Garcia,alice.garcia@example.com,Auckland,AliGar2023
Alexis,Davis,alexis.davis@example.com,Christchurch,AleDav2023
Alexander,Parker,alexander.parker@example.com,Auckland,AlePar2023
Alexander,Hughes,alexander.hughes@example.com,Christchurch,AleHug2023
Alexander,Evans,alexander.evans@example.com,Christchurch,AleEva2023
Alexander,Cooper,alexander.cooper@example.com,Wellington,AleCoo2023
Alexander,Wright,a.wright274@hotmail.com,Christchurch,AleWri2023
Alan,Myers,alan.myers@example.com,Wellington,AlaMye2023
Ainsley,Wright,ainsley.wright@example.com,Auckland,AinWri2023
Aiden,Mitchell,aiden.mitchell@example.com,Christchurch,AidMit2023
Aiden,Lewis,a.lewis493@hotmail.com,Wellington,AidLew2023
Aiden,Campbell,aiden.campbell@example.com,Wellington,AidCam2023
Aiden,Ward,aiden.ward@example.com,Wellington,AidWar2023
Aiden,Stewart,aiden.stewart@example.com,Christchurch,AidSte2023
Adelynn,Dominguez,adelynn78@gmail.com,Auckland,AdeDom2023
Addison,Sullivan,addison.sullivan@example.com,Wellington,AddSul2023
Addison,Byrne,addison.byrne@example.com,Christchurch,AddByr2023
Adam,Jameson,adam.jameson@example.com,Auckland,AdaJam2023
Adam,Morris,adam.morris@example.com,Auckland,AdaMor2023
Abigail,Cooper,abigail.cooper@example.com,Christchurch,AbiCoo2023
Abigail,Reed,abigail.reed@example.com,Auckland,AbiRee2023
Abigail,White,abigail.white@example.com,Auckland,AbiWhi2023
Abigail,Wilson,abigail.wilson@example.com,Auckland,AbiWil2023
Aaliyah,Carter,a.carter497@gmail.com,Wellington,AalCar2023
Aaliyah,Cooper,aaliyah.cooper@example.com,Christchurch,AalCoo2023
Aaliyah,Davis,aaliyah.davis@example.com,Christchurch,AalDav2023
Aaliyah,Campbell,aaliyah.campbell@example.com,Auckland,AalCam2023
Aaliyah,Jackson,aaliyah.jackson@example.com,Auckland,AalJac2023
