Emily,Smith,emily.smith@example.com,Auckland
William,Jones,william.jones@example.com,Wellington
Sophia,Wilson,sophia.wilson@example.com,Christchurch
Ethan,Brown,ethan.brown@example.com,Auckland
Olivia,Taylor,olivia.taylor@example.com,Wellington
Noah,Miller,noah.miller@example.com,Christchurch
Ava,Anderson,ava.anderson@example.com,Auckland
Liam,Thomas,liam.thomas@example.com,Wellington
Isabella,Jackson,isabella.jackson@example.com,Christchurch
James,White,james.white@example.com,Auckland
Emma,Harris,emma.harris@example.com,Wellington
Logan,Martin,logan.martin@example.com,Christchurch
Mia,Lee,mia.lee@example.com,Auckland
Benjamin,Clark,benjamin.clark@example.com,Wellington
Evelyn,Lewis,evelyn.lewis@example.com,Christchurch
Emily,Brown,emily.brown@example.com,Auckland
Liam,Smith,liam.smith@example.com,Christchurch
Ella,Williams,ella.williams@example.com,Wellington
Noah,Miller,noah.miller@example.com,Auckland
Ava,Taylor,ava.taylor@example.com,Christchurch
Oliver,Jones,oliver.jones@example.com,Wellington
Sophia,Davis,sophia.davis@example.com,Auckland
Mason,Taylor,mason.taylor@example.com,Christchurch
Emma,Moore,emma.moore@example.com,Wellington
Ethan,Johnson,ethan.johnson@example.com,Auckland
Isabella,Martin,isabella.martin@example.com,Christchurch
Jacob,Clark,jacob.clark@example.com,Wellington
Amelia,Mitchell,amelia.mitchell@example.com,Auckland
William,Scott,william.scott@example.com,Christchurch
Mia,Robinson,mia.robinson@example.com,Wellington
Logan,Campbell,logan.campbell@example.com,Auckland
Charlotte,Anderson,charlotte.anderson@example.com,Christchurch
Lucas,White,lucas.white@example.com,Wellington
Harper,Harris,harper.harris@example.com,Auckland
Daniel,Young,daniel.young@example.com,Christchurch
Madison,King,madison.king@example.com,Wellington
Jacob,Green,jacob.green@example.com,Auckland
Emily,Hill,emily.hill@example.com,Christchurch
Ethan,Moore,ethan.moore@example.com,Wellington
Ella,Kelly,ella.kelly@example.com,Auckland
Aiden,Mitchell,aiden.mitchell@example.com,Christchurch
Avery,Wilson,avery.wilson@example.com,Wellington
Olivia,Anderson,olivia.anderson@example.com,Auckland
Ethan,Lewis,ethan.lewis@example.com,Christchurch
Lily,Harris,lily.harris@example.com,Wellington
Jackson,Walker,jackson.walker@example.com,Auckland
Sofia,Martin,sofia.martin@example.com,Christchurch
Carter,Moore,carter.moore@example.com,Wellington
Abigail,Wilson,abigail.wilson@example.com,Auckland
Mason,Mitchell,mason.mitchell@example.com,Christchurch
Aria,Hughes,aria.hughes@example.com,Wellington
Ethan,Davis,ethan.davis@example.com,Auckland
Lila,Campbell,lila.campbell@example.com,Christchurch
Levi,Anderson,levi.anderson@example.com,Wellington
Isabella,Baker,isabella.baker@example.com,Auckland
William,Green,william.green@example.com,Christchurch
Luna,Cooper,luna.cooper@example.com,Wellington
Lucas,Young,lucas.young@example.com,Auckland
Madelyn,Walker,madelyn.walker@example.com,Christchurch
Jayden,Scott,jayden.scott@example.com,Wellington
Avery,Mitchell,avery.mitchell@example.com,Auckland
Olivia,King,olivia.king@example.com,Christchurch
Caleb,Adams,caleb.adams@example.com,Wellington
Ella,Parker,ella.parker@example.com,Auckland
Aria,Evans,aria.evans@example.com,Christchurch
Owen,Woodward,owen.woodward@example.com,Wellington
Avery,Young,avery.young@example.com,Auckland
Isabella,Taylor,isabella.taylor@example.com,Wellington
Ethan,Anderson,ethan.anderson@example.com,Christchurch
Aria,Johnson,aria.johnson@example.com,Auckland
Elijah,Hall,elijah.hall@example.com,Wellington
Aaliyah,Davis,aaliyah.davis@example.com,Christchurch
Liam,Lee,liam.lee@example.com,Auckland
Mia,Brown,mia.brown@example.com,Wellington
Noah,Taylor,noah.taylor@example.com,Christchurch
Amelia,Miller,amelia.miller@example.com,Auckland
William,Clark,william.clark@example.com,Wellington
Chloe,Scott,chloe.scott@example.com,Christchurch
James,Turner,james.turner@example.com,Auckland
Harper,Adams,harper.adams@example.com,Wellington
Michael,Baker,michael.baker@example.com,Christchurch
Evelyn,Mitchell,evelyn.mitchell@example.com,Auckland
Lucas,Wright,lucas.wright@example.com,Wellington
Emma,King,emma.king@example.com,Christchurch
Daniel,Green,daniel.green@example.com,Auckland
Sophia,Evans,sophia.evans@example.com,Wellington
Logan,Parker,logan.parker@example.com,Christchurch
Ava,Campbell,ava.campbell@example.com,Auckland
Alexander,Cooper,alexander.cooper@example.com,Wellington
Madison,Perez,madison.perez@example.com,Christchurch
Benjamin,Ross,benjamin.ross@example.com,Auckland
Ella,Bailey,ella.bailey@example.com,Wellington
Carter,Ramirez,carter.ramirez@example.com,Christchurch
Abigail,Reed,abigail.reed@example.com,Auckland
Owen,Bell,owen.bell@example.com,Wellington
Charlotte,Foster,charlotte.foster@example.com,Christchurch
Caleb,Sanders,caleb.sanders@example.com,Auckland
Luna,Price,luna.price@example.com,Wellington
Luke,Brooks,luke.brooks@example.com,Christchurch
Eleanor,James,eleanor.james@example.com,Auckland
Ryan,Scott,ryan.scott@example.com,Wellington
Avery,Rogers,avery.rogers@example.com,Christchurch
Mason,Parker,mason.parker@example.com,Auckland
Aurora,West,aurora.west@example.com,Wellington
Nicholas,Coleman,nicholas.coleman@example.com,Christchurch
Scarlett,Hughes,scarlett.hughes@example.com,Auckland
Gabriel,Reyes,gabriel.reyes@example.com,Wellington
Paisley,Foster,paisley.foster@example.com,Christchurch
Nathan,Powell,nathan.powell@example.com,Auckland
Addison,Sullivan,addison.sullivan@example.com,Wellington
Oliver,Wallace,oliver.wallace@example.com,Christchurch
Aaliyah,Jackson,aaliyah.jackson@example.com,Auckland
Evelyn,Wood,evelyn.wood@example.com,Wellington
Isaac,Cook,isaac.cook@example.com,Christchurch
Aria,Rogers,aria.rogers@example.com,Auckland
Alexander,Hughes,alexander.hughes@example.com,Christchurch
Emma,Smith,emma.smith@example.com,Auckland
Oliver,Jones,oliver.jones@example.com,Wellington
Isabella,Wilson,isabella.wilson@example.com,Christchurch
William,Brown,william.brown@example.com,Auckland
Sophia,Taylor,sophia.taylor@example.com,Wellington
Lucas,Miller,lucas.miller@example.com,Christchurch
Ava,Anderson,ava.anderson@example.com,Auckland
Liam,Thomas,liam.thomas@example.com,Wellington
Olivia,Jackson,olivia.jackson@example.com,Christchurch
Noah,White,noah.white@example.com,Auckland
Emily,Harris,emily.harris@example.com,Wellington
Mason,Martin,mason.martin@example.com,Christchurch
Chloe,Lee,chloe.lee@example.com,Auckland
Logan,Clark,logan.clark@example.com,Wellington
Amelia,Lewis,amelia.lewis@example.com,Christchurch
Ethan,Hall,ethan.hall@example.com,Auckland
Charlotte,Campbell,charlotte.campbell@example.com,Wellington
Alexander,Evans,alexander.evans@example.com,Christchurch
Mia,Turner,mia.turner@example.com,Auckland
Jacob,Parker,jacob.parker@example.com,Wellington
Abigail,Cooper,abigail.cooper@example.com,Christchurch
Carter,Edwards,carter.edwards@example.com,Auckland
Harper,Stewart,harper.stewart@example.com,Wellington
Lily,Foster,lily.foster@example.com,Christchurch
Jack,Hill,jack.hill@example.com,Auckland
Avery,Hayes,avery.hayes@example.com,Wellington
Aria,Green,aria.green@example.com,Christchurch
Owen,Murphy,owen.murphy@example.com,Auckland
Evelyn,Coleman,evelyn.coleman@example.com,Wellington
Elijah,Rossi,elijah.rossi@example.com,Christchurch
Hannah,Hamilton,hannah.hamilton@example.com,Auckland
Caleb,Butler,caleb.butler@example.com,Wellington
Addison,Byrne,addison.byrne@example.com,Christchurch
Ella,Barrett,ella.barrett@example.com,Auckland
Henry,Hogan,henry.hogan@example.com,Wellington
Natalie,Delaney,natalie.delaney@example.com,Christchurch
Luke,Gibson,luke.gibson@example.com,Auckland
Sofia,Cunningham,sofia.cunningham@example.com,Wellington
Levi,Fitzgerald,levi.fitzgerald@example.com,Christchurch
Aubrey,Reid,aubrey.reid@example.com,Auckland
Julian,Harper,julian.harper@example.com,Wellington
Samantha,Campbell,samantha.campbell@example.com,Christchurch
Wyatt,Webster,wyatt.webster@example.com,Auckland
Victoria,Wright,victoria.wright@example.com,Wellington
Gabriel,Matthews,gabriel.matthews@example.com,Christchurch
Avery,Douglas,avery.douglas@example.com,Auckland
Zoe,McKenzie,zoe.mckenzie@example.com,Wellington
Eli,Pearson,eli.pearson@example.com,Christchurch
Leah,Johnston,leah.johnston@example.com,Christchurch
Nathan,Miller,nathan.miller@example.com,Auckland
Avery,Cook,avery.cook@example.com,Christchurch
Gabriel,Rodriguez,gabriel.rodriguez@example.com,Wellington
Sofia,Fernandez,sofia.fernandez@example.com,Auckland
Lucas,Lopez,lucas.lopez@example.com,Christchurch
Bella,Gonzalez,bella.gonzalez@example.com,Wellington
Ethan,Parker,ethan.parker@example.com,Auckland
Isabella,Ramirez,isabella.ramirez@example.com,Christchurch
Aiden,Ward,aiden.ward@example.com,Wellington
Aria,Smith,aria.smith@example.com,Auckland
Caleb,Johnson,caleb.johnson@example.com,Christchurch
Audrey,Anderson,audrey.anderson@example.com,Wellington
Landon,Brown,landon.brown@example.com,Auckland
Hazel,Jones,hazel.jones@example.com,Christchurch
William,Williams,william.williams@example.com,Wellington
Ella,Davis,ella.davis@example.com,Auckland
Michael,Martin,michael.martin@example.com,Christchurch
Lila,Taylor,lila.taylor@example.com,Wellington
Owen,Anderson,owen.anderson@example.com,Auckland
Elizabeth,White,elizabeth.white@example.com,Christchurch
Avery,Carter,avery.carter@example.com,Wellington
Jayden,Mitchell,jayden.mitchell@example.com,Auckland
Evelyn,Murphy,evelyn.murphy@example.com,Christchurch
Elijah,Adams,elijah.adams@example.com,Wellington
Chloe,Watson,chloe.watson@example.com,Auckland
Nolan,Evans,nolan.evans@example.com,Christchurch
Aurora,Perez,aurora.perez@example.com,Wellington
Grayson,Collins,grayson.collins@example.com,Auckland
Madelyn,Turner,madelyn.turner@example.com,Christchurch
Aiden,Campbell,aiden.campbell@example.com,Wellington
Penelope,Parker,penelope.parker@example.com,Auckland
Ethan,Cooper,ethan.cooper@example.com,Christchurch
Aria,Cruz,aria.cruz@example.com,Wellington
Levi,Edwards,levi.edwards@example.com,Auckland
Emma,Reed,emma.reed@example.com,Christchurch
Avery,Hall,avery.hall@example.com,Wellington
Wyatt,Flores,wyatt.flores@example.com,Auckland
Charlotte,Morris,charlotte.morris@example.com,Christchurch
Josiah,Rogers,josiah.rogers@example.com,Wellington
Mia,Reyes,mia.reyes@example.com,Auckland
Isaac,Long,isaac.long@example.com,Christchurch
Scarlett,Foster,scarlett.foster@example.com,Wellington
Luke,Cruz,luke.cruz@example.com,Auckland
Harper,Nguyen,harper.nguyen@example.com,Christchurch
Ethan,Gonzalez,ethan.gonzalez@example.com,Wellington
Lily,Roberts,lily.roberts@example.com,Auckland
David,Chavez,david.chavez@example.com,Christchurch
Evelyn,Hughes,evelyn.hughes@example.com,Wellington
Mason,Bryant,mason.bryant@example.com,Auckland
Emma,Johnson,emma.johnson@example.com,Auckland
Noah,Miller,noah.miller@example.com,Christchurch
Olivia,Brown,olivia.brown@example.com,Wellington
Liam,Garcia,liam.garcia@example.com,Auckland
Ava,Martinez,ava.martinez@example.com,Christchurch
William,Smith,william.smith@example.com,Wellington
Sophia,Johnson,sophia.johnson@example.com,Auckland
James,Anderson,james.anderson@example.com,Christchurch
Isabella,Thomas,isabella.thomas@example.com,Wellington
Ethan,Jackson,ethan.jackson@example.com,Auckland
Mia,White,mia.white@example.com,Christchurch
Benjamin,Harris,benjamin.harris@example.com,Wellington
Emma,Martin,emma.martin@example.com,Auckland
Evelyn,Lee,evelyn.lee@example.com,Christchurch
Logan,Clark,logan.clark@example.com,Wellington
Mia,Lewis,mia.lewis@example.com,Auckland
Sophia,Rodriguez,sophia.rodriguez@example.com,Christchurch
William,Green,william.green@example.com,Wellington
Ava,Campbell,ava.campbell@example.com,Auckland
Noah,Parker,noah.parker@example.com,Christchurch
Olivia,Evans,olivia.evans@example.com,Wellington
Liam,Edwards,liam.edwards@example.com,Auckland
Emma,Collins,emma.collins@example.com,Christchurch
Isabella,Stewart,isabella.stewart@example.com,Wellington
James,Sanchez,james.sanchez@example.com,Auckland
Ethan,Morris,ethan.morris@example.com,Christchurch
Mia,Rogers,mia.rogers@example.com,Wellington
Sophia,Reed,sophia.reed@example.com,Auckland
William,Cook,william.cook@example.com,Christchurch
Logan,Morgan,logan.morgan@example.com,Wellington
Ava,Bell,ava.bell@example.com,Auckland
Noah,Murphy,noah.murphy@example.com,Christchurch
Olivia,Bailey,olivia.bailey@example.com,Wellington
Liam,Cooper,liam.cooper@example.com,Auckland
Emma,Richardson,emma.richardson@example.com,Christchurch
Isabella,Cox,isabella.cox@example.com,Wellington
James,Howard,james.howard@example.com,Auckland
Ethan,Ward,ethan.ward@example.com,Christchurch
Mia,Torres,mia.torres@example.com,Wellington
Sophia,Peterson,sophia.peterson@example.com,Auckland
William,Gray,william.gray@example.com,Christchurch
Logan,Ramirez,logan.ramirez@example.com,Wellington
Ava,James,ava.james@example.com,Auckland
Noah,Watson,noah.watson@example.com,Christchurch
Olivia,Brooks,olivia.brooks@example.com,Wellington
Liam,Kelly,liam.kelly@example.com,Auckland
Emma,Sanders,emma.sanders@example.com,Christchurch
Isabella,Price,isabella.price@example.com,Wellington
James,Bennett,james.bennett@example.com,Auckland
Ethan,Wood,ethan.wood@example.com,Christchurch
Mia,Barn,mia.barn@example.com,Auckland
Adam,Morris,adam.morris@example.com,Auckland
Aiden,Stewart,aiden.stewart@example.com,Christchurch
Ainsley,Wright,ainsley.wright@example.com,Auckland
Alan,Myers,alan.myers@example.com,Wellington
Alexis,Davis,alexis.davis@example.com,Christchurch
Alice,Garcia,alice.garcia@example.com,Auckland
Alicia,Campbell,alicia.campbell@example.com,Wellington
Alina,Morgan,alina.morgan@example.com,Christchurch
Alisha,Hayes,alisha.hayes@example.com,Auckland
Allison,Foster,allison.foster@example.com,Wellington
Allyson,Roberts,allyson.roberts@example.com,Christchurch
Alyssa,James,alyssa.james@example.com,Auckland
Amara,Phillips,amara.phillips@example.com,Wellington
Amelia,Howard,amelia.howard@example.com,Christchurch
Amina,Turner,amina.turner@example.com,Auckland
Amy,Parker,amy.parker@example.com,Wellington
Andrea,Cox,andrea.cox@example.com,Christchurch
Andrew,Rodriguez,andrew.rodriguez@example.com,Auckland
Angel,Flores,angel.flores@example.com,Wellington
Angela,Murphy,angela.murphy@example.com,Christchurch
Angie,Morris,angie.morris@example.com,Auckland
Anika,Bell,anika.bell@example.com,Wellington
Anita,Cooper,anita.cooper@example.com,Christchurch
Anna,Mitchell,anna.mitchell@example.com,Auckland
Anne,Baker,anne.baker@example.com,Wellington
Annie,Nelson,annie.nelson@example.com,Christchurch
Anthony,Turner,anthony.turner@example.com,Auckland
April,Ross,april.ross@example.com,Wellington
Archie,Murphy,archie.murphy@example.com,Christchurch
Aria,Peterson,aria.peterson@example.com,Auckland
Ariana,Carter,ariana.carter@example.com,Wellington
Arianna,Wood,arianna.wood@example.com,Christchurch
Ariel,Rivera,ariel.rivera@example.com,Auckland
Arthur,Reed,arthur.reed@example.com,Wellington
Asher,Cook,asher.cook@example.com,Christchurch
Ashley,Hughes,ashley.hughes@example.com,Auckland
Ashton,Brooks,ashton.brooks@example.com,Wellington
Aubrey,Sanders,aubrey.sanders@example.com,Christchurch
Audrey,Harrison,audrey.harrison@example.com,Auckland
Austin,Ward,austin.ward@example.com,Wellington
Ava,Bryant,ava.bryant@example.com,Christchurch
Avery,Gonzalez,avery.gonzalez@example.com,Auckland
Bailey,Johnson,bailey.johnson@example.com,Wellington
Barbara,Richardson,barbara.richardson@example.com,Christchurch
Beatrice,Foster,beatrice.foster@example.com,Auckland
Becky,Morales,becky.morales@example.com,Wellington
Bella,Murphy,bella.murphy@example.com,Christchurch
Ben,Long,ben.long@example.com,Auckland
Benjamin,Scott,benjamin.scott@example.com,Christchurch
Liam,Mitchell,liam.mitchell@example.com,Auckland
Ella,Wilson,ella.wilson@example.com,Auckland
Alexander,Parker,alexander.parker@example.com,Auckland
Olivia,Anderson,olivia.anderson@example.com,Auckland
William,Brown,william.brown@example.com,Auckland
Mia,Taylor,mia.taylor@example.com,Auckland
Daniel,Clark,daniel.clark@example.com,Auckland
Sophia,Jackson,sophia.jackson@example.com,Auckland
Jacob,Evans,jacob.evans@example.com,Auckland
Emily,Campbell,emily.campbell@example.com,Auckland
Grace,Hill,grace.hill@example.com,Auckland
James,Cooper,james.cooper@example.com,Auckland
Evelyn,Robinson,evelyn.robinson@example.com,Auckland
Lucas,Wright,lucas.wright@example.com,Auckland
Ava,Bailey,ava.bailey@example.com,Auckland
Michael,Murphy,michael.murphy@example.com,Auckland
Charlotte,Ross,charlotte.ross@example.com,Auckland
Benjamin,Hall,benjamin.hall@example.com,Auckland
Amelia,Watson,amelia.watson@example.com,Auckland
Ethan,Kelly,ethan.kelly@example.com,Auckland
Isabella,Sullivan,isabella.sullivan@example.com,Auckland
Matthew,Adams,matthew.adams@example.com,Auckland
Harper,Wood,harper.wood@example.com,Auckland
Noah,Scott,noah.scott@example.com,Auckland
Sofia,Morris,sofia.morris@example.com,Auckland
Lucy,Allen,lucy.allen@example.com,Auckland
Logan,Green,logan.green@example.com,Auckland
Victoria,Carter,victoria.carter@example.com,Auckland
Jackson,Harris,jackson.harris@example.com,Auckland
Hazel,Collins,hazel.collins@example.com,Auckland
Jacob,Young,jacob.young@example.com,Auckland
Aria,Martin,aria.martin@example.com,Auckland
William,Turner,william.turner@example.com,Auckland
Aaliyah,Campbell,aaliyah.campbell@example.com,Auckland
Sebastian,Murphy,sebastian.murphy@example.com,Auckland
Scarlett,Edwards,scarlett.edwards@example.com,Auckland
Luke,Clarkson,luke.clarkson@example.com,Auckland
Madison,Phillips,madison.phillips@example.com,Auckland
David,Bryant,david.bryant@example.com,Auckland
Chloe,Hall,chloe.hall@example.com,Auckland
Dylan,Reid,dylan.reid@example.com,Auckland
Lila,Cook,lila.cook@example.com,Auckland
Cameron,Walker,cameron.walker@example.com,Auckland
Abigail,White,abigail.white@example.com,Auckland
Henry,Hughes,hnery.hughes@example.com,Auckland
Avery,Morgan,avery.morgan@example.com,Auckland
Mason,Roberts,mason.roberts@example.com,Auckland
Elizabeth,Stewart,elizabeth.stewart@example.com,Auckland
Owen,Baker,owen.baker@example.com,Auckland
Leah,Long,leah.long@example.com,Auckland
Nathan,Richardson,nathan.richardson@example.com,Auckland
Gabriella,Hill,gabriella.hill@example.com,Auckland
Isaac,Scott,isaac.scott@example.com,Auckland
Liam,Miller,l.miller523@gmail.com,Auckland
Ava,Wood,a.wood526@gmail.com,Christchurch
Noah,Parker,n.parker111@yahoo.com,Wellington
Emma,Lee,e.lee666@hotmail.com,Auckland
William,King,w.king345@hotmail.com,Christchurch
Mia,Hill,m.hill862@gmail.com,Auckland
James,Green,j.green997@yahoo.com,Wellington
Isabella,Scott,i.scott264@hotmail.com,Auckland
Ethan,Evans,e.evans997@gmail.com,Christchurch
Sophia,Turner,s.turner837@hotmail.com,Auckland
Logan,Murphy,l.murphy971@yahoo.com,Wellington
Olivia,Wilson,o.wilson358@hotmail.com,Auckland
Benjamin,Martin,b.martin698@hotmail.com,Christchurch
Emily,Campbell,e.campbell492@hotmail.com,Auckland
Aiden,Lewis,a.lewis493@hotmail.com,Wellington
Charlotte,Roberts,c.roberts791@gmail.com,Christchurch
Jacob,Hall,j.hall619@hotmail.com,Auckland
Amelia,Baker,a.baker474@yahoo.com,Wellington
Lucas,Mitchell,l.mitchell114@hotmail.com,Christchurch
Mila,Phillips,m.phillips587@gmail.com,Auckland
Carter,Williams,c.williams615@gmail.com,Wellington
Chloe,Nelson,c.nelson873@yahoo.com,Auckland
Jackson,Cooper,j.cooper140@gmail.com,Christchurch
Harper,Ross,h.ross585@hotmail.com,Auckland
Madison,Wright,m.wright627@hotmail.com,Wellington
Sebastian,Bailey,s.bailey328@hotmail.com,Christchurch
Evelyn,Howard,e.howard562@hotmail.com,Auckland
Elijah,Reed,e.reed286@hotmail.com,Wellington
Avery,Perry,a.perry550@hotmail.com,Christchurch
Sofia,Young,s.young527@hotmail.com,Auckland
Nicholas,Allen,n.allen329@gmail.com,Wellington
Luna,Ward,l.ward195@yahoo.com,Christchurch
Lincoln,Davis,l.davis758@hotmail.com,Auckland
Aaliyah,Carter,a.carter497@gmail.com,Wellington
Owen,Garcia,o.garcia842@hotmail.com,Christchurch
Violet,Murphy,v.murphy673@hotmail.com,Auckland
Gabriel,Hall,g.hall802@hotmail.com,Wellington
Stella,Gonzalez,s.gonzalez506@hotmail.com,Christchurch
Isaac,Walker,i.walker435@hotmail.com,Auckland
Leah,Parker,l.parker152@hotmail.com,Wellington
Alexander,Wright,a.wright274@hotmail.com,Christchurch
Aria,Collins,a.collins497@hotmail.com,Auckland
Caleb,Turner,c.turner915@hotmail.com,Wellington
Victoria,Campbell,v.campbell766@hotmail.com,Christchurch
Wyatt,Bennett,w.bennett724@gmail.com,Auckland
Lila,Foster,l.foster768@hotmail.com,Wellington
Luke,Bailey,l.bailey786@hotmail.com,Christchurch
Penelope,Butler,p.butler783@hotmail.com,Auckland
Mason,Gray,m.gray748@hotmail.com,Wellington
Samantha,Perez,s.perez879@hotmail.com,Christchurch
Leo,Flores,l.flores432@hotmail.com,Auckland
Zoe,Cook,z.cook736@hotmail.com,Wellington
Liam,Martin,liam.martin@example.com,Auckland
Sophia,Taylor,sophia.taylor@example.com,Wellington
Noah,Anderson,noah.anderson@example.com,Christchurch
Olivia,Clark,olivia.clark@example.com,Auckland
William,Lewis,william.lewis@example.com,Wellington
Emma,Moore,emma.moore@example.com,Christchurch
Ethan,Mitchell,ethan.mitchell@example.com,Auckland
Isabella,Morris,isabella.morris@example.com,Wellington
James,Hughes,james.hughes@example.com,Christchurch
Ava,Rogers,ava.rogers@example.com,Auckland
Benjamin,Stewart,benjamin.stewart@example.com,Wellington
Mia,Reed,mia.reed@example.com,Christchurch
Logan,Foster,logan.foster@example.com,Auckland
Evelyn,Bailey,evelyn.bailey@example.com,Wellington
Lucas,Murphy,lucas.murphy@example.com,Christchurch
Charlotte,Evans,charlotte.evans@example.com,Auckland
Jackson,Cooper,jackson.cooper@example.com,Wellington
Amelia,Ryan,amelia.ryan@example.com,Christchurch
Jacob,Kelly,jacob.kelly@example.com,Auckland
Chloe,Richardson,chloe.richardson@example.com,Wellington
William,Walker,william.walker@example.com,Christchurch
Sophie,Wood,sophie.wood@example.com,Auckland
Luke,Green,luke.green@example.com,Wellington
Grace,Bell,grace.bell@example.com,Christchurch
Owen,Carter,owen.carter@example.com,Auckland
Aria,Morris,aria.morris@example.com,Wellington
Maxwell,Collins,maxwell.collins@example.com,Christchurch
Ella,Turner,ella.turner@example.com,Auckland
Henry,Phillips,henry.phillips@example.com,Wellington
Scarlett,Campbell,scarlett.campbell@example.com,Christchurch
Caleb,Parker,caleb.parker@example.com,Auckland
Nova,Perry,nova.perry@example.com,Wellington
Grayson,Wright,grayson.wright@example.com,Christchurch
Madison,Hill,madison.hill@example.com,Auckland
Nathan,Bailey,nathan.bailey@example.com,Wellington
Aaliyah,Cooper,aaliyah.cooper@example.com,Christchurch
Adam,Jameson,adam.jameson@example.com,Auckland
Luna,Brown,luna.brown@example.com,Wellington
Levi,Hughes,levi.hughes@example.com,Christchurch
Elizabeth,Johnston,elizabeth.johnston@example.com,Auckland
Ian,Scott,ian.scott@example.com,Wellington
Hazel,Morris,hazel.morris@example.com,Christchurch
Andrew,Smith,andrew.smith@example.com,Auckland
Bella,Miller,bella.miller@example.com,Wellington
Jack,Martin,jack.martin@example.com,Christchurch
Natalie,Hunter,natalie.hunter@example.com,Auckland
Micah,Harrison,micah.harrison@example.com,Wellington
Penelope,Boyd,penelope.boyd@example.com,Christchurch
Connor,Holmes,connor.holmes@example.com,Auckland
Nova,Gibson,nova.gibson@example.com,Wellington
Carter,Reid,carter.reid@example.com,Christchurch
Lila,Gallegos,lilagallegos49@gmail.com,Auckland
Ian,Morales,ianmorales35@gmail.com,Wellington
Zion,Whitaker,zionwhitaker67@gmail.com,Christchurch
Adelynn,Dominguez,adelynn78@gmail.com,Auckland
Brendan,Byrd,brendanbyrd41@gmail.com,Wellington
Macy,Ballard,macyballard47@gmail.com,Christchurch
Evelyn,Chen,evelynchen29@gmail.com,Auckland
Giovanny,Barajas,giovannybarajas94@gmail.com,Wellington
Jazlynn,Mcintyre,jazlynnmcintyre67@gmail.com,Christchurch
Zain,Leblanc,zainleblanc96@gmail.com,Auckland
Sarai,Kim,saraikim50@gmail.com,Wellington
Callum,Ramirez,callumramirez91@gmail.com,Christchurch
Samantha,Gates,samanthagates45@gmail.com,Auckland
Amare,Osborne,amareosborne35@gmail.com,Wellington
Josie,Mckay,josiemckay19@gmail.com,Christchurch
Kamden,Contreras,kamdencontreras90@gmail.com,Auckland
Avery,Lam,averylam47@gmail.com,Wellington
Valentina,Craig,valentinacraig50@gmail.com,Christchurch
Brennan,Barber,brennanbarber64@gmail.com,Auckland
Natalie,Mcgrath,nataliemcgrath14@gmail.com,Wellington
Darren,Reese,darrenreese50@gmail.com,Christchurch
Jaidyn,Kim,jaidynkim11@gmail.com,Auckland
Kai,Hopkins,kaihopkins67@gmail.com,Wellington
Thalia,Lester,thalialester52@gmail.com,Christchurch
Mateo,Shaw,mateoshaw56@gmail.com,Auckland
Ariah,Wall,ariahwall46@gmail.com,Wellington
Stetson,Lamb,stetsonlamb21@gmail.com,Christchurch
Reese,Salazar,reesesalazar35@gmail.com,Auckland
Cassidy,Bailey,cassidybailey61@gmail.com,Wellington
Julie,Silva,juliesilva71@gmail.com,Christchurch